{"stats":{"minecraft:dropped":{"minecraft:spruce_sign":1,"minecraft:wheat_seeds":1,"minecraft:wooden_pickaxe":2,"simplehats:demonhorns":1},"minecraft:killed":{"minecraft:sheep":3,"minecraft:spider":1},"minecraft:crafted":{"minecraft:coal":18,"minecraft:crafting_table":1,"minecraft:stick":8,"minecraft:wooden_pickaxe":1,"minecraft:stone_pickaxe":1,"minecraft:white_bed":1,"minecraft:acacia_planks":20,"minecraft:stone_axe":1},"minecraft:picked_up":{"minecraft:crafting_table":1,"simplehats:hatbag_rare":1,"epicfight:stone_greatsword":1,"minecraft:wooden_pickaxe":2,"minecraft:acacia_log":5,"minecraft:blast_furnace":1,"minecraft:string":1,"simplehats:demonhorns":1,"simplehats:palmtree":1,"minecraft:wheat_seeds":1,"minecraft:spruce_sign":2,"minecraft:coal_block":2,"minecraft:mutton":5,"minecraft:coal":5,"simplehats:hatbag_summer":1,"minecraft:white_wool":3,"minecraft:cobblestone":6},"minecraft:used":{"minecraft:stone_pickaxe":7,"minecraft:wooden_pickaxe":7,"minecraft:spruce_sign":1,"minecraft:stone_axe":1,"minecraft:mutton":5,"minecraft:crafting_table":1,"minecraft:acacia_planks":6},"minecraft:killed_by":{"minecraft:skeleton":1},"minecraft:mined":{"minecraft:acacia_leaves":1,"minecraft:crafting_table":1,"minecraft:grass":25,"minecraft:blast_furnace":1,"minecraft:acacia_log":5,"minecraft:coal_ore":5,"minecraft:coal_block":2,"minecraft:stone":6},"minecraft:custom":{"minecraft:time_since_rest":2632,"minecraft:sprint_one_cm":102785,"minecraft:damage_taken":285,"minecraft:walk_one_cm":69993,"minecraft:mob_kills":4,"minecraft:drop":5,"minecraft:damage_dealt":436,"minecraft:swim_one_cm":14040,"minecraft:interact_with_crafting_table":2,"minecraft:fly_one_cm":139132,"minecraft:crouch_one_cm":492,"minecraft:play_time":10970,"minecraft:deaths":1,"minecraft:sneak_time":283,"minecraft:walk_under_water_one_cm":1001,"minecraft:jump":396,"minecraft:walk_on_water_one_cm":3503,"minecraft:time_since_death":3538,"minecraft:total_world_time":10970,"minecraft:fall_one_cm":10771}},"DataVersion":3465}