{"stats":{"minecraft:dropped":{"minecraft:wheat_seeds":1},"minecraft:killed":{"minecraft:sheep":3,"minecraft:spider":1},"minecraft:crafted":{"minecraft:acacia_planks":20},"minecraft:picked_up":{"minecraft:wheat_seeds":1,"minecraft:acacia_log":5,"minecraft:mutton":5,"minecraft:string":1,"minecraft:white_wool":3},"minecraft:used":{"minecraft:mutton":3,"minecraft:acacia_planks":3},"minecraft:mined":{"minecraft:grass":18,"minecraft:acacia_log":5,"minecraft:acacia_leaves":1},"minecraft:custom":{"minecraft:time_since_rest":4970,"minecraft:crouch_one_cm":492,"minecraft:play_time":4970,"minecraft:sprint_one_cm":40460,"minecraft:damage_taken":145,"minecraft:walk_one_cm":39232,"minecraft:sneak_time":236,"minecraft:walk_under_water_one_cm":289,"minecraft:mob_kills":4,"minecraft:drop":1,"minecraft:jump":236,"minecraft:damage_dealt":436,"minecraft:time_since_death":4970,"minecraft:walk_on_water_one_cm":648,"minecraft:total_world_time":4970,"minecraft:swim_one_cm":6233,"minecraft:fall_one_cm":6649,"minecraft:fly_one_cm":69470}},"DataVersion":3465}