{"stats":{"minecraft:crafted":{"minecraft:coal":18,"minecraft:crafting_table":1,"minecraft:stick":8,"minecraft:wooden_pickaxe":1,"minecraft:stone_pickaxe":1,"minecraft:white_bed":1,"minecraft:acacia_planks":24,"minecraft:stone_axe":1},"minecraft:used":{"born_in_chaos_v1:smoked_flesh":3,"minecraft:stone_pickaxe":8,"minecraft:wooden_pickaxe":7,"epicfight:stone_greatsword":32,"minecraft:spruce_sign":1,"minecraft:stone_axe":10,"minecraft:mutton":5,"minecraft:beef":3,"minecraft:crafting_table":1,"minecraft:porkchop":2,"tombstone:gift":2,"alexsmobs:animal_dictionary":1,"minecraft:acacia_planks":7},"minecraft:picked_up":{"minecraft:crafting_table":1,"simplehats:hatbag_rare":2,"epicfight:stone_greatsword":1,"minecraft:leather":1,"minecraft:acacia_log":6,"minecraft:wooden_pickaxe":2,"minecraft:porkchop":2,"minecraft:blast_furnace":1,"minecraft:bone":2,"simplehats:policesiren":1,"minecraft:bundle":1,"alexsmobs:animal_dictionary":2,"minecraft:string":2,"simplehats:demonhorns":1,"simplehats:palmtree":1,"minecraft:rotten_flesh":4,"minecraft:wheat_seeds":1,"minecraft:beef":3,"minecraft:spruce_sign":2,"minecraft:coal_block":2,"minecraft:mutton":5,"minecraft:coal":5,"simplehats:hatbag_summer":1,"minecraft:white_wool":3,"minecraft:cobblestone":6},"minecraft:broken":{"epicfight:stone_greatsword":1},"minecraft:mined":{"minecraft:acacia_leaves":1,"minecraft:crafting_table":1,"minecraft:grass":27,"minecraft:acacia_log":5,"minecraft:blast_furnace":1,"minecraft:coal_ore":5,"minecraft:coal_block":2,"minecraft:stone":6,"minecraft:spawner":1},"minecraft:killed":{"minecraft:sheep":3,"minecraft:pig":1,"alexsmobs:gazelle":1,"minecraft:spider":2,"born_in_chaos_v1:decrepit_skeleton":2,"minecraft:cow":1},"minecraft:custom":{"minecraft:time_since_rest":7902,"minecraft:sprint_one_cm":143509,"minecraft:damage_taken":509,"minecraft:walk_one_cm":165911,"tombstone:sneak_grave":1,"minecraft:mob_kills":10,"minecraft:drop":12,"minecraft:damage_dealt":1674,"minecraft:swim_one_cm":22195,"minecraft:interact_with_crafting_table":2,"minecraft:fly_one_cm":259763,"minecraft:open_barrel":11,"minecraft:open_chest":9,"minecraft:crouch_one_cm":887,"tombstone:undead_killed":2,"minecraft:play_time":16240,"minecraft:deaths":1,"minecraft:sneak_time":307,"minecraft:walk_under_water_one_cm":2896,"tombstone:tomb_raiding":1,"minecraft:jump":751,"minecraft:time_since_death":8808,"minecraft:walk_on_water_one_cm":7675,"minecraft:climb_one_cm":33,"minecraft:total_world_time":16240,"minecraft:fall_one_cm":21323},"minecraft:killed_by":{"minecraft:skeleton":1},"minecraft:dropped":{"minecraft:spruce_sign":1,"minecraft:wheat_seeds":2,"alexsmobs:animal_dictionary":4,"tombstone:grave_dust":1,"minecraft:wooden_pickaxe":3,"simplehats:demonhorns":1}},"DataVersion":3465}