{"stats":{"minecraft:crafted":{"minecraft:oak_planks":8,"minecraft:coal":18,"minecraft:crafting_table":1,"minecraft:wooden_pickaxe":1,"minecraft:stone_axe":1,"minecraft:stick":8,"minecraft:stone_pickaxe":1,"minecraft:white_bed":1,"minecraft:acacia_planks":24},"minecraft:used":{"minecraft:writable_book":3,"minecraft:stone_pickaxe":15,"minecraft:oak_planks":8,"minecraft:chest":1,"minecraft:wooden_pickaxe":7,"minecraft:spruce_sign":1,"minecraft:cracked_stone_bricks":1,"minecraft:glow_item_frame":1,"minecraft:mutton":5,"minecraft:crafting_table":1,"born_in_chaos_v1:smoked_flesh":6,"minecraft:apple":7,"minecraft:spruce_trapdoor":1,"epicfight:stone_greatsword":32,"minecraft:stone_brick_stairs":1,"minecraft:stone_axe":45,"minecraft:cobblestone":1,"minecraft:bow":5,"minecraft:beef":3,"minecraft:written_book":1,"minecraft:porkchop":2,"tombstone:gift":4,"alexsmobs:animal_dictionary":1,"minecraft:acacia_planks":10},"minecraft:picked_up":{"minecraft:crafting_table":1,"simplehats:julydouble":1,"minecraft:flower_pot":1,"simplehats:hatbag_rare":3,"minecraft:leather":1,"minecraft:wooden_pickaxe":2,"minecraft:smoker":1,"minecraft:stone_brick_stairs":1,"minecraft:oak_log":2,"minecraft:string":2,"simplehats:demonhorns":1,"minecraft:red_carpet":3,"minecraft:bone":3,"minecraft:bow":1,"minecraft:cracked_stone_bricks":1,"minecraft:wheat_seeds":1,"simplehats:redeyes":1,"minecraft:beef":3,"minecraft:cooked_chicken":1,"simplehats:shrekears":1,"minecraft:mossy_stone_bricks":2,"simplehats:hatbag_uncommon":1,"minecraft:coal_block":2,"minecraft:chest":1,"minecraft:spruce_trapdoor":1,"minecraft:flowering_azalea":1,"epicfight:stone_greatsword":1,"minecraft:glow_item_frame":1,"minecraft:acacia_log":6,"minecraft:spruce_stairs":5,"minecraft:porkchop":2,"minecraft:stripped_spruce_log":4,"tombstone:grave_dust":2,"minecraft:blast_furnace":1,"minecraft:arrow":4,"alexsmobs:animal_dictionary":3,"minecraft:bundle":1,"simplehats:policesiren":1,"simplehats:palmtree":1,"minecraft:rotten_flesh":12,"minecraft:chainmail_leggings":1,"minecraft:granite":1,"simplehats:chickenonhead":1,"minecraft:spruce_sign":2,"minecraft:brick_stairs":2,"minecraft:mutton":5,"minecraft:coal":5,"simplehats:hatbag_summer":2,"minecraft:white_wool":3,"minecraft:cobblestone":7},"minecraft:broken":{"epicfight:stone_greatsword":1},"minecraft:mined":{"minecraft:acacia_leaves":2,"minecraft:smoker":1,"minecraft:red_stained_glass":3,"minecraft:crafting_table":1,"minecraft:granite":1,"minecraft:acacia_log":5,"minecraft:blast_furnace":1,"minecraft:brick_stairs":2,"minecraft:coal_block":2,"minecraft:tall_grass":1,"minecraft:cobblestone":1,"minecraft:spawner":1,"minecraft:fire":10,"minecraft:stone_brick_stairs":1,"minecraft:grass":30,"minecraft:coal_ore":5,"minecraft:oak_log":2,"minecraft:stone":6},"minecraft:killed":{"minecraft:pig":1,"minecraft:spider":2,"born_in_chaos_v1:decrepit_skeleton":3,"born_in_chaos_v1:maggot":1,"minecraft:sheep":3,"minecraft:skeleton":3,"minecraft:zombie":6,"alexsmobs:gazelle":1,"minecraft:cow":1},"minecraft:custom":{"minecraft:mob_kills":21,"tombstone:raider_killed":4,"minecraft:interact_with_crafting_table":2,"minecraft:open_barrel":12,"minecraft:time_since_death":3359,"minecraft:climb_one_cm":1196,"minecraft:time_since_rest":3189,"minecraft:sprint_one_cm":224368,"minecraft:damage_taken":1031,"minecraft:walk_one_cm":275631,"tombstone:sneak_grave":1,"minecraft:drop":29,"minecraft:damage_dealt":3114,"minecraft:damage_dealt_absorbed":77,"minecraft:swim_one_cm":22195,"minecraft:talked_to_villager":1,"minecraft:fly_one_cm":324015,"minecraft:open_chest":33,"minecraft:crouch_one_cm":4158,"minecraft:play_time":27858,"tombstone:undead_killed":12,"minecraft:deaths":2,"minecraft:sneak_time":768,"minecraft:walk_under_water_one_cm":2896,"tombstone:tomb_raiding":1,"minecraft:jump":1036,"minecraft:walk_on_water_one_cm":7675,"minecraft:total_world_time":27858,"minecraft:fall_one_cm":29260},"minecraft:killed_by":{"born_in_chaos_v1:decaying_zombie":1,"minecraft:skeleton":1},"minecraft:dropped":{"minecraft:spruce_sign":1,"minecraft:stripped_spruce_log":4,"minecraft:wheat_seeds":2,"alexsmobs:animal_dictionary":5,"minecraft:rotten_flesh":6,"minecraft:granite":1,"minecraft:spruce_stairs":5,"simplehats:policesiren":1,"simplehats:demonhorns":1,"minecraft:red_carpet":3,"minecraft:flower_pot":1,"minecraft:brick_stairs":2,"minecraft:mossy_stone_bricks":2,"tombstone:grave_dust":1,"minecraft:writable_book":1,"minecraft:flowering_azalea":1,"minecraft:wooden_pickaxe":3,"simplehats:palmtree":1}},"DataVersion":3465}