{"stats":{"minecraft:crafted":{"minecraft:crafting_table":2,"minecraft:stick":8,"minecraft:wooden_pickaxe":1,"minecraft:stone_pickaxe":2,"minecraft:acacia_planks":28,"minecraft:stone_axe":1},"minecraft:used":{"minecraft:bread":1,"minecraft:stone_pickaxe":140,"minecraft:iron_pickaxe":2,"minecraft:wooden_pickaxe":31,"minecraft:player_head":1,"minecraft:stone_axe":3,"minecraft:dirt":11,"minecraft:crafting_table":3,"tombstone:gift":2,"alexsmobs:animal_dictionary":1},"minecraft:picked_up":{"minecraft:birch_door":2,"minecraft:crafting_table":2,"minecraft:wooden_pickaxe":1,"minecraft:acacia_log":7,"minecraft:packed_mud":5,"minecraft:dirt":24,"minecraft:cyan_carpet":1,"minecraft:purple_bed":1,"minecraft:rotten_flesh":2,"minecraft:polished_blackstone_button":1,"minecraft:granite":83,"minecraft:cobblestone":75,"minecraft:furnace":3},"minecraft:mined":{"minecraft:purple_bed":1,"minecraft:acacia_leaves":5,"minecraft:furnace":3,"minecraft:packed_mud":5,"minecraft:fire":12,"minecraft:crafting_table":2,"minecraft:granite":83,"minecraft:grass":1,"minecraft:acacia_log":7,"minecraft:dirt":15,"minecraft:stone":61,"minecraft:spawner":1},"minecraft:broken":{"minecraft:stone_pickaxe":1},"minecraft:custom":{"minecraft:time_since_rest":1130,"minecraft:sprint_one_cm":108736,"minecraft:damage_taken":731,"minecraft:walk_one_cm":160896,"minecraft:drop":5,"minecraft:damage_dealt":313,"minecraft:talked_to_villager":1,"minecraft:swim_one_cm":15606,"minecraft:interact_with_crafting_table":4,"minecraft:fly_one_cm":133700,"minecraft:open_barrel":3,"minecraft:open_chest":10,"minecraft:crouch_one_cm":1244,"minecraft:play_time":43926,"minecraft:deaths":2,"minecraft:sneak_time":233,"minecraft:walk_under_water_one_cm":223,"minecraft:jump":1600,"minecraft:leave_game":3,"minecraft:walk_on_water_one_cm":3213,"minecraft:time_since_death":1442,"minecraft:climb_one_cm":2250,"minecraft:total_world_time":43926,"minecraft:fall_one_cm":10178},"minecraft:killed_by":{"minecraft:husk":1,"minecraft:skeleton":1},"minecraft:dropped":{"minecraft:packed_mud":5,"minecraft:player_head":1,"minecraft:wooden_pickaxe":2,"minecraft:polished_blackstone_button":1}},"DataVersion":3465}