{"stats":{"minecraft:dropped":{"minecraft:stripped_spruce_log":1,"minecraft:oak_slab":10,"minecraft:wheat_seeds":1,"minecraft:player_head":1,"minecraft:cobblestone":5,"minecraft:rotten_flesh":2,"minecraft:andesite_wall":2,"minecraft:lantern":2,"minecraft:stone_slab":2,"minecraft:spruce_stairs":1,"minecraft:polished_blackstone_button":1,"minecraft:dirt":10,"minecraft:packed_mud":5,"minecraft:spruce_trapdoor":3,"minecraft:andesite_stairs":1,"simplehats:chickenonhead":2,"minecraft:stone_bricks":1,"minecraft:wooden_pickaxe":2,"minecraft:iron_pickaxe":1,"minecraft:written_book":1,"minecraft:bone":4},"minecraft:killed":{"minecraft:spider":1,"minecraft:skeleton":1,"minecraft:zombie":1},"minecraft:crafted":{"minecraft:crafting_table":2,"minecraft:wooden_pickaxe":1,"minecraft:stone_axe":1,"minecraft:stick":8,"minecraft:stone_pickaxe":2,"minecraft:acacia_planks":28},"minecraft:picked_up":{"minecraft:birch_door":4,"minecraft:crafting_table":2,"minecraft:andesite":1,"minecraft:stone_slab":2,"minecraft:wooden_pickaxe":1,"minecraft:packed_mud":5,"minecraft:oak_log":1,"simplehats:ghostmask":2,"minecraft:lantern":2,"minecraft:dirt":34,"minecraft:stone_stairs":2,"minecraft:bone":4,"minecraft:cyan_carpet":1,"minecraft:stone_bricks":3,"minecraft:cracked_stone_bricks":1,"minecraft:wheat_seeds":1,"simplehats:murdered":2,"minecraft:andesite_stairs":1,"minecraft:written_book":1,"minecraft:iron_pickaxe":1,"simplehats:zigzagwitchhat":2,"minecraft:spruce_trapdoor":3,"minecraft:furnace":3,"minecraft:oak_slab":12,"minecraft:black_candle":1,"minecraft:acacia_log":7,"minecraft:spruce_stairs":1,"simplehats:batwinghat":1,"simplehats:spiderweb":1,"minecraft:stripped_spruce_log":1,"simplehats:beaniespooky":1,"simplehats:hockeymask":1,"minecraft:andesite_wall":2,"simplehats:policesiren":1,"minecraft:purple_bed":1,"minecraft:rotten_flesh":2,"minecraft:polished_blackstone_button":1,"simplehats:headbolts":1,"minecraft:granite":83,"simplehats:chickenonhead":2,"minecraft:damaged_anvil":1,"minecraft:cobblestone":78},"minecraft:broken":{"minecraft:stone_pickaxe":1},"minecraft:used":{"minecraft:flint_and_steel":1,"minecraft:stone_pickaxe":140,"minecraft:wooden_pickaxe":31,"minecraft:player_head":1,"minecraft:cracked_stone_bricks":1,"minecraft:dirt":11,"minecraft:oak_slab":2,"minecraft:crafting_table":3,"minecraft:bread":14,"minecraft:iron_pickaxe":22,"minecraft:stone_bricks":2,"minecraft:stone_axe":31,"minecraft:cobblestone":67,"minecraft:bow":3,"minecraft:andesite":1,"tombstone:gift":4,"alexsmobs:animal_dictionary":1,"minecraft:black_candle":1,"minecraft:cooked_beef":1},"minecraft:killed_by":{"minecraft:husk":1,"minecraft:skeleton":1},"minecraft:mined":{"minecraft:oak_slab":1,"minecraft:acacia_leaves":5,"minecraft:andesite_stairs":1,"minecraft:spruce_door":1,"minecraft:crafting_table":2,"minecraft:spruce_trapdoor":7,"minecraft:granite":83,"minecraft:acacia_log":7,"minecraft:andesite_wall":5,"minecraft:stone_slab":4,"minecraft:damaged_anvil":1,"minecraft:spawner":1,"minecraft:purple_bed":1,"minecraft:spruce_stairs":1,"minecraft:stone_stairs":2,"minecraft:furnace":3,"minecraft:packed_mud":5,"minecraft:fire":12,"minecraft:andesite":1,"minecraft:grass":3,"minecraft:oak_log":1,"minecraft:gravel":1,"minecraft:dirt":16,"minecraft:cracked_stone_bricks":1,"minecraft:stone_bricks":3,"minecraft:stone":61,"minecraft:oak_leaves":4},"minecraft:custom":{"minecraft:mob_kills":4,"minecraft:interact_with_crafting_table":4,"minecraft:open_barrel":8,"minecraft:eat_cake_slice":3,"minecraft:leave_game":5,"minecraft:time_since_death":24224,"minecraft:climb_one_cm":3204,"minecraft:time_since_rest":23912,"minecraft:sprint_one_cm":164286,"minecraft:damage_taken":1372,"minecraft:walk_one_cm":284578,"minecraft:drop":29,"minecraft:damage_dealt":805,"minecraft:damage_dealt_absorbed":36,"minecraft:swim_one_cm":15840,"minecraft:talked_to_villager":1,"minecraft:fly_one_cm":175173,"minecraft:player_kills":1,"minecraft:open_chest":13,"minecraft:crouch_one_cm":2882,"minecraft:play_time":66708,"tombstone:undead_killed":2,"minecraft:deaths":2,"minecraft:sneak_time":529,"minecraft:walk_under_water_one_cm":384,"minecraft:jump":2230,"minecraft:walk_on_water_one_cm":3616,"minecraft:total_world_time":66708,"minecraft:fall_one_cm":16771}},"DataVersion":3465}