{"stats":{"minecraft:crafted":{"minecraft:crafting_table":2,"minecraft:stick":8,"minecraft:wooden_pickaxe":1,"minecraft:stone_pickaxe":2,"minecraft:acacia_planks":28,"minecraft:stone_axe":1},"minecraft:used":{"minecraft:flint_and_steel":1,"minecraft:bread":3,"minecraft:stone_pickaxe":140,"minecraft:iron_pickaxe":3,"minecraft:wooden_pickaxe":31,"minecraft:player_head":1,"minecraft:stone_axe":4,"minecraft:dirt":11,"minecraft:cobblestone":2,"minecraft:bow":1,"minecraft:crafting_table":3,"minecraft:black_candle":1,"alexsmobs:animal_dictionary":1,"tombstone:gift":4,"minecraft:cooked_beef":1},"minecraft:picked_up":{"minecraft:oak_slab":11,"minecraft:black_candle":1,"minecraft:birch_door":4,"minecraft:crafting_table":2,"minecraft:acacia_log":7,"minecraft:wooden_pickaxe":1,"minecraft:spruce_stairs":1,"minecraft:packed_mud":5,"minecraft:dirt":24,"minecraft:cyan_carpet":1,"minecraft:purple_bed":1,"minecraft:rotten_flesh":2,"minecraft:polished_blackstone_button":1,"minecraft:granite":83,"simplehats:chickenonhead":1,"minecraft:damaged_anvil":1,"minecraft:furnace":3,"minecraft:cobblestone":77},"minecraft:mined":{"minecraft:spruce_stairs":1,"minecraft:purple_bed":1,"minecraft:acacia_leaves":5,"minecraft:packed_mud":5,"minecraft:furnace":3,"minecraft:fire":12,"minecraft:crafting_table":2,"minecraft:granite":83,"minecraft:grass":1,"minecraft:acacia_log":7,"minecraft:dirt":15,"minecraft:stone":61,"minecraft:damaged_anvil":1,"minecraft:spawner":1},"minecraft:broken":{"minecraft:stone_pickaxe":1},"minecraft:custom":{"minecraft:time_since_rest":6973,"minecraft:sprint_one_cm":128906,"minecraft:damage_taken":1017,"minecraft:walk_one_cm":205844,"minecraft:drop":5,"minecraft:damage_dealt":313,"minecraft:swim_one_cm":15606,"minecraft:interact_with_crafting_table":4,"minecraft:talked_to_villager":1,"minecraft:fly_one_cm":150572,"minecraft:open_barrel":8,"minecraft:open_chest":13,"minecraft:crouch_one_cm":1671,"minecraft:play_time":49769,"minecraft:deaths":2,"minecraft:sneak_time":322,"minecraft:walk_under_water_one_cm":223,"minecraft:jump":1657,"minecraft:eat_cake_slice":3,"minecraft:leave_game":3,"minecraft:time_since_death":7285,"minecraft:walk_on_water_one_cm":3219,"minecraft:total_world_time":49769,"minecraft:climb_one_cm":3046,"minecraft:fall_one_cm":13245},"minecraft:killed_by":{"minecraft:husk":1,"minecraft:skeleton":1},"minecraft:dropped":{"minecraft:packed_mud":5,"minecraft:player_head":1,"minecraft:wooden_pickaxe":2,"minecraft:polished_blackstone_button":1}},"DataVersion":3465}