{"stats":{"minecraft:dropped":{"minecraft:packed_mud":5,"minecraft:wooden_pickaxe":2},"minecraft:crafted":{"minecraft:crafting_table":2,"minecraft:stick":8,"minecraft:wooden_pickaxe":1,"minecraft:stone_pickaxe":2,"minecraft:acacia_planks":28,"minecraft:stone_axe":1},"minecraft:picked_up":{"minecraft:crafting_table":2,"minecraft:wooden_pickaxe":1,"minecraft:acacia_log":7,"minecraft:packed_mud":5,"minecraft:dirt":13,"minecraft:granite":83,"minecraft:cobblestone":60},"minecraft:broken":{"minecraft:stone_pickaxe":1},"minecraft:used":{"minecraft:stone_pickaxe":133,"minecraft:wooden_pickaxe":31,"minecraft:stone_axe":2,"minecraft:dirt":1,"minecraft:crafting_table":3,"alexsmobs:animal_dictionary":1,"tombstone:gift":2},"minecraft:killed_by":{"minecraft:skeleton":1},"minecraft:mined":{"minecraft:acacia_leaves":5,"minecraft:packed_mud":5,"minecraft:crafting_table":2,"minecraft:granite":83,"minecraft:grass":1,"minecraft:acacia_log":7,"minecraft:dirt":13,"minecraft:stone":61},"minecraft:custom":{"minecraft:time_since_rest":6554,"minecraft:sprint_one_cm":63967,"minecraft:damage_taken":315,"minecraft:walk_one_cm":57808,"minecraft:drop":3,"minecraft:damage_dealt":223,"minecraft:talked_to_villager":1,"minecraft:swim_one_cm":13498,"minecraft:interact_with_crafting_table":4,"minecraft:fly_one_cm":99689,"minecraft:crouch_one_cm":250,"minecraft:play_time":38109,"minecraft:deaths":1,"minecraft:sneak_time":149,"minecraft:walk_under_water_one_cm":178,"minecraft:jump":1270,"minecraft:leave_game":3,"minecraft:walk_on_water_one_cm":2097,"minecraft:time_since_death":8105,"minecraft:climb_one_cm":993,"minecraft:total_world_time":38109,"minecraft:fall_one_cm":4779}},"DataVersion":3465}