{"stats":{"minecraft:crafted":{"minecraft:acacia_planks":28},"minecraft:picked_up":{"minecraft:acacia_log":7},"minecraft:mined":{"minecraft:grass":1,"minecraft:acacia_log":7,"minecraft:acacia_leaves":5},"minecraft:custom":{"minecraft:jump":1003,"minecraft:time_since_rest":27627,"minecraft:damage_dealt":198,"minecraft:damage_taken":20,"minecraft:sprint_one_cm":23707,"minecraft:leave_game":2,"minecraft:play_time":27627,"minecraft:walk_on_water_one_cm":745,"minecraft:time_since_death":27627,"minecraft:walk_one_cm":29693,"minecraft:sneak_time":44,"minecraft:total_world_time":27627,"minecraft:walk_under_water_one_cm":64,"minecraft:swim_one_cm":5461,"minecraft:talked_to_villager":1,"minecraft:fall_one_cm":1344,"minecraft:fly_one_cm":12745}},"DataVersion":3465}