{"stats":{"minecraft:crafted":{"minecraft:bread":36,"minecraft:wheat":108},"minecraft:used":{"minecraft:stone_pickaxe":26,"minecraft:white_wool":1,"minecraft:torch":1,"minecraft:mutton":2,"minecraft:spruce_stairs":1,"minecraft:apple":1,"minecraft:bread":5,"minecraft:stone_bricks":1,"minecraft:cobblestone":21,"alexsmobs:animal_dictionary":2},"minecraft:picked_up":{"minecraft:birch_door":1,"minecraft:dirt":13,"minecraft:red_bed":1,"minecraft:cooked_mutton":2,"minecraft:stone_bricks":1,"minecraft:wheat_seeds":3,"minecraft:mossy_stone_bricks":1,"minecraft:furnace":1,"minecraft:stick":1,"minecraft:torch":2,"minecraft:spruce_stairs":1,"minecraft:gravel":1,"minecraft:stripped_spruce_log":2,"tombstone:grave_dust":1,"minecraft:spruce_door":2,"alexsmobs:animal_dictionary":3,"simplehats:palmtree":1,"minecraft:rotten_flesh":2,"minecraft:chainmail_leggings":1,"minecraft:hay_block":12,"minecraft:granite":1,"minecraft:brick_stairs":2,"minecraft:oak_sapling":1,"minecraft:mutton":4,"minecraft:cobblestone":10,"minecraft:white_wool":3},"minecraft:mined":{"minecraft:red_bed":1,"minecraft:gray_stained_glass_pane":1,"minecraft:acacia_log":2,"minecraft:grass_block":1,"minecraft:jungle_log":1,"minecraft:cobblestone":9,"minecraft:tall_grass":6,"minecraft:wall_torch":1,"minecraft:hay_block":12,"minecraft:spruce_stairs":1,"minecraft:furnace":1,"minecraft:birch_log":2,"minecraft:fire":6,"minecraft:grass":22,"minecraft:oak_log":2,"minecraft:gravel":1,"minecraft:stone_bricks":1,"minecraft:mossy_stone_bricks":1,"minecraft:fern":2},"minecraft:killed":{"minecraft:sheep":2,"minecraft:zombie":1},"minecraft:custom":{"minecraft:mob_kills":3,"minecraft:interact_with_crafting_table":3,"minecraft:open_barrel":3,"minecraft:eat_cake_slice":1,"minecraft:leave_game":2,"minecraft:time_since_death":2773,"minecraft:climb_one_cm":1446,"minecraft:time_since_rest":2292,"minecraft:sprint_one_cm":148021,"minecraft:damage_taken":1106,"minecraft:walk_one_cm":126628,"minecraft:drop":25,"minecraft:damage_dealt":413,"minecraft:swim_one_cm":7300,"minecraft:talked_to_villager":1,"minecraft:fly_one_cm":164577,"minecraft:open_chest":42,"minecraft:crouch_one_cm":1364,"minecraft:play_time":16599,"tombstone:undead_killed":1,"minecraft:deaths":3,"minecraft:sneak_time":214,"minecraft:walk_under_water_one_cm":433,"tombstone:tomb_raiding":1,"minecraft:jump":702,"minecraft:walk_on_water_one_cm":1442,"minecraft:total_world_time":16599,"minecraft:fall_one_cm":18817},"minecraft:killed_by":{"minecraft:player":1,"minecraft:skeleton":1,"alexsmobs:rhinoceros":1},"minecraft:dropped":{"minecraft:stripped_spruce_log":2,"minecraft:wheat_seeds":2,"alexsmobs:animal_dictionary":3,"tombstone:gift":1,"minecraft:cobblestone":1,"minecraft:spruce_door":2,"minecraft:dirt":13,"tombstone:grave_dust":1}},"DataVersion":3465}