{"stats":{"minecraft:dropped":{"minecraft:stripped_spruce_log":2,"minecraft:moss_block":2,"minecraft:wheat_seeds":3,"minecraft:cobblestone":4,"minecraft:spruce_door":2,"minecraft:flint":5,"minecraft:dirt":18,"minecraft:diorite":2,"tombstone:grave_dust":5,"minecraft:pumpkin_pie":1,"minecraft:iron_axe":1,"minecraft:iron_pickaxe":1,"minecraft:chainmail_leggings":3,"minecraft:white_wool":2,"minecraft:smooth_basalt":1,"minecraft:gravel":15,"minecraft:moss_carpet":2,"alexsmobs:animal_dictionary":3,"minecraft:cobbled_deepslate":16,"tombstone:gift":1,"minecraft:raw_iron":1,"minecraft:leather_boots":1,"minecraft:azalea":2,"minecraft:stone_pickaxe":2,"minecraft:calcite":1},"minecraft:killed":{"born_in_chaos_v1:maggot":1,"born_in_chaos_v1:diamond_termite":2,"minecraft:sheep":2,"minecraft:zombie":5},"minecraft:crafted":{"simplehats:julydouble":1,"minecraft:oak_planks":4,"minecraft:iron_boots":1,"minecraft:iron_axe":1,"minecraft:wheat":108,"minecraft:crafting_table":3,"minecraft:iron_helmet":1,"minecraft:bread":36,"minecraft:jungle_planks":28,"minecraft:iron_chestplate":1,"minecraft:diamond_pickaxe":1,"minecraft:stick":12,"minecraft:iron_pickaxe":1,"minecraft:iron_leggings":1,"minecraft:torch":20,"minecraft:diamond_chestplate":1},"minecraft:picked_up":{"minecraft:waxed_oxidized_cut_copper":3,"minecraft:birch_door":1,"born_in_chaos_v1:diamond_termite_shard":2,"simplehats:julydouble":1,"simplehats:ladybug_on_head":1,"minecraft:red_bed":1,"minecraft:moss_carpet":2,"simplehats:baseballhat":1,"alexsmobs:banana":1,"minecraft:cobbled_deepslate":85,"minecraft:calcite":10,"minecraft:azalea":2,"minecraft:furnace":1,"minecraft:stick":3,"minecraft:torch":6,"minecraft:spruce_stairs":1,"tombstone:grave_dust":5,"minecraft:diorite":4,"minecraft:rotten_flesh":5,"minecraft:hay_block":12,"minecraft:brick_stairs":2,"minecraft:mutton":4,"minecraft:cobblestone":82,"minecraft:white_wool":3,"minecraft:jungle_log":7,"minecraft:flint":5,"minecraft:oak_log":1,"minecraft:lapis_lazuli":29,"minecraft:dirt":22,"minecraft:cooked_mutton":2,"minecraft:stone_bricks":1,"minecraft:wheat_seeds":4,"minecraft:stone_pickaxe":1,"minecraft:dark_oak_sign":1,"minecraft:mossy_stone_bricks":1,"simplehats:hatbag_uncommon":1,"minecraft:moss_block":2,"minecraft:smooth_basalt":1,"minecraft:gravel":19,"minecraft:stripped_spruce_log":2,"simplehats:longfoxears":1,"alexsmobs:animal_dictionary":3,"minecraft:spruce_door":2,"minecraft:dark_prismarine":1,"simplehats:palmtree":1,"minecraft:diamond":14,"minecraft:chainmail_leggings":3,"minecraft:granite":1,"minecraft:oak_sapling":1,"simplehats:hatbag_summer":1},"minecraft:used":{"minecraft:iron_sword":11,"minecraft:iron_chestplate":1,"minecraft:torch":20,"minecraft:dirt":4,"minecraft:mutton":2,"minecraft:spruce_stairs":1,"minecraft:iron_axe":16,"minecraft:iron_helmet":1,"minecraft:iron_boots":1,"minecraft:stone_bricks":1,"minecraft:diamond_chestplate":1,"minecraft:furnace":1,"minecraft:oak_sapling":1,"minecraft:cooked_beef":3,"minecraft:iron_leggings":1,"minecraft:calcite":9,"minecraft:diorite":2,"minecraft:stone_pickaxe":71,"minecraft:dark_oak_sign":1,"minecraft:oak_planks":4,"minecraft:waxed_oxidized_cut_copper":3,"minecraft:diamond_axe":1,"minecraft:cookie":3,"minecraft:white_wool":1,"minecraft:crafting_table":3,"minecraft:red_bed":1,"minecraft:dark_prismarine":1,"minecraft:diamond_pickaxe":45,"minecraft:apple":1,"minecraft:bread":11,"minecraft:iron_pickaxe":151,"tombstone:magic_scroll":1,"minecraft:gravel":4,"minecraft:cobblestone":32,"alexsmobs:animal_dictionary":2},"minecraft:killed_by":{"minecraft:player":1,"minecraft:skeleton":1,"alexsmobs:rhinoceros":1},"minecraft:mined":{"minecraft:dark_prismarine":1,"minecraft:deepslate_diamond_ore":14,"born_in_chaos_v1:infected_diamond_ore":1,"minecraft:gray_stained_glass_pane":1,"minecraft:acacia_log":2,"minecraft:grass_block":2,"minecraft:jungle_log":10,"minecraft:moss_block":2,"minecraft:spawner":4,"minecraft:hay_block":12,"minecraft:waxed_oxidized_cut_copper":3,"minecraft:furnace":1,"minecraft:fire":38,"minecraft:deepslate_lapis_ore":1,"minecraft:vine":3,"minecraft:stone":57,"minecraft:red_bed":1,"minecraft:crafting_table":1,"minecraft:calcite":11,"minecraft:melon":1,"minecraft:cobblestone":17,"minecraft:tall_grass":6,"minecraft:lapis_ore":4,"minecraft:diorite":2,"minecraft:wall_torch":4,"minecraft:spruce_stairs":1,"minecraft:dark_oak_wall_sign":1,"minecraft:birch_log":2,"minecraft:grass":23,"minecraft:oak_log":3,"minecraft:gravel":14,"minecraft:dirt":3,"minecraft:smooth_basalt":1,"minecraft:stone_bricks":1,"minecraft:mossy_stone_bricks":1,"minecraft:oak_leaves":4,"minecraft:fern":3,"minecraft:deepslate":45},"minecraft:custom":{"minecraft:mob_kills":10,"minecraft:interact_with_crafting_table":11,"minecraft:open_barrel":3,"minecraft:eat_cake_slice":1,"minecraft:leave_game":5,"minecraft:time_since_death":19211,"minecraft:climb_one_cm":5401,"minecraft:sprint_one_cm":212864,"minecraft:walk_one_cm":197172,"minecraft:drop":63,"minecraft:talked_to_villager":1,"minecraft:play_time":33037,"minecraft:deaths":3,"minecraft:sneak_time":899,"minecraft:walk_under_water_one_cm":2869,"tombstone:tomb_raiding":1,"minecraft:jump":1262,"minecraft:walk_on_water_one_cm":5843,"minecraft:total_world_time":33037,"minecraft:time_since_rest":18730,"minecraft:damage_taken":1505,"minecraft:damage_dealt":1502,"minecraft:swim_one_cm":9781,"minecraft:fly_one_cm":285869,"minecraft:open_chest":58,"minecraft:crouch_one_cm":6275,"tombstone:undead_killed":5,"minecraft:fall_one_cm":42957}},"DataVersion":3465}