{"stats":{"minecraft:picked_up":{"minecraft:wheat_seeds":3,"minecraft:white_wool":1,"minecraft:mutton":2,"alexsmobs:animal_dictionary":3},"minecraft:used":{"minecraft:mutton":2,"alexsmobs:animal_dictionary":2},"minecraft:mined":{"minecraft:grass":22,"minecraft:acacia_log":2,"minecraft:grass_block":1,"minecraft:oak_log":2,"minecraft:jungle_log":1,"minecraft:birch_log":2,"minecraft:tall_grass":3,"minecraft:fern":2},"minecraft:killed":{"minecraft:sheep":1},"minecraft:custom":{"minecraft:time_since_rest":3063,"minecraft:damage_taken":400,"minecraft:play_time":4945,"minecraft:sprint_one_cm":39264,"minecraft:walk_one_cm":47732,"minecraft:deaths":1,"minecraft:walk_under_water_one_cm":433,"minecraft:mob_kills":1,"minecraft:drop":6,"tombstone:tomb_raiding":1,"minecraft:jump":291,"minecraft:damage_dealt":240,"minecraft:leave_game":2,"minecraft:time_since_death":3429,"minecraft:walk_on_water_one_cm":1442,"minecraft:total_world_time":4945,"minecraft:swim_one_cm":7300,"minecraft:fall_one_cm":8472,"minecraft:fly_one_cm":94233},"minecraft:killed_by":{"minecraft:player":1},"minecraft:dropped":{"minecraft:wheat_seeds":2,"alexsmobs:animal_dictionary":3,"tombstone:gift":1}},"DataVersion":3465}