{"stats":{"minecraft:crafted":{"minecraft:iron_helmet":1,"minecraft:bread":36,"minecraft:iron_chestplate":1,"minecraft:iron_pickaxe":1,"minecraft:iron_leggings":1,"minecraft:wheat":108},"minecraft:picked_up":{"minecraft:waxed_oxidized_cut_copper":3,"minecraft:birch_door":1,"minecraft:dirt":18,"minecraft:red_bed":1,"minecraft:cooked_mutton":2,"minecraft:stone_bricks":1,"minecraft:wheat_seeds":3,"minecraft:stone_pickaxe":1,"minecraft:dark_oak_sign":1,"minecraft:calcite":9,"minecraft:mossy_stone_bricks":1,"minecraft:furnace":1,"minecraft:stick":3,"minecraft:torch":2,"minecraft:spruce_stairs":1,"minecraft:gravel":2,"minecraft:stripped_spruce_log":2,"tombstone:grave_dust":1,"minecraft:diorite":4,"minecraft:spruce_door":2,"alexsmobs:animal_dictionary":3,"minecraft:dark_prismarine":1,"simplehats:palmtree":1,"minecraft:rotten_flesh":2,"minecraft:chainmail_leggings":1,"minecraft:hay_block":12,"minecraft:granite":1,"minecraft:brick_stairs":2,"minecraft:oak_sapling":1,"minecraft:mutton":4,"minecraft:cobblestone":15,"minecraft:white_wool":3},"minecraft:used":{"minecraft:calcite":9,"minecraft:diorite":2,"minecraft:dark_oak_sign":1,"minecraft:stone_pickaxe":71,"minecraft:waxed_oxidized_cut_copper":3,"minecraft:iron_chestplate":1,"minecraft:white_wool":1,"minecraft:torch":1,"minecraft:mutton":2,"minecraft:spruce_stairs":1,"minecraft:dark_prismarine":1,"minecraft:apple":1,"minecraft:bread":7,"minecraft:iron_helmet":1,"minecraft:stone_bricks":1,"minecraft:cobblestone":32,"minecraft:furnace":1,"minecraft:oak_sapling":1,"alexsmobs:animal_dictionary":2,"minecraft:cooked_beef":1,"minecraft:iron_leggings":1},"minecraft:mined":{"minecraft:dark_prismarine":1,"minecraft:red_bed":1,"minecraft:gray_stained_glass_pane":1,"minecraft:acacia_log":2,"minecraft:grass_block":1,"minecraft:calcite":9,"minecraft:jungle_log":1,"minecraft:cobblestone":9,"minecraft:tall_grass":6,"minecraft:diorite":2,"minecraft:wall_torch":1,"minecraft:spawner":1,"minecraft:hay_block":12,"minecraft:spruce_stairs":1,"minecraft:waxed_oxidized_cut_copper":3,"minecraft:furnace":1,"minecraft:dark_oak_wall_sign":1,"minecraft:birch_log":2,"minecraft:fire":38,"minecraft:grass":22,"minecraft:oak_log":2,"minecraft:gravel":1,"minecraft:stone":5,"minecraft:stone_bricks":1,"minecraft:mossy_stone_bricks":1,"minecraft:fern":2},"minecraft:killed":{"minecraft:sheep":2,"minecraft:zombie":1},"minecraft:custom":{"minecraft:mob_kills":3,"minecraft:interact_with_crafting_table":7,"minecraft:open_barrel":3,"minecraft:eat_cake_slice":1,"minecraft:leave_game":2,"minecraft:time_since_death":8773,"minecraft:climb_one_cm":1446,"minecraft:time_since_rest":8292,"minecraft:sprint_one_cm":168668,"minecraft:damage_taken":1164,"minecraft:walk_one_cm":146092,"minecraft:drop":35,"minecraft:damage_dealt":413,"minecraft:swim_one_cm":9781,"minecraft:talked_to_villager":1,"minecraft:fly_one_cm":200825,"minecraft:open_chest":48,"minecraft:crouch_one_cm":3440,"minecraft:play_time":22599,"tombstone:undead_killed":1,"minecraft:deaths":3,"minecraft:sneak_time":677,"minecraft:walk_under_water_one_cm":2869,"tombstone:tomb_raiding":1,"minecraft:jump":910,"minecraft:walk_on_water_one_cm":2815,"minecraft:total_world_time":22599,"minecraft:fall_one_cm":22782},"minecraft:killed_by":{"minecraft:player":1,"minecraft:skeleton":1,"alexsmobs:rhinoceros":1},"minecraft:dropped":{"minecraft:gravel":1,"minecraft:stripped_spruce_log":2,"minecraft:wheat_seeds":2,"alexsmobs:animal_dictionary":3,"tombstone:gift":1,"minecraft:cobblestone":1,"minecraft:spruce_door":2,"minecraft:dirt":18,"minecraft:diorite":2,"tombstone:grave_dust":1,"minecraft:stone_pickaxe":2,"minecraft:chainmail_leggings":1}},"DataVersion":3465}