{"stats":{"minecraft:crafted":{"minecraft:oak_planks":4,"minecraft:crafting_table":1,"minecraft:iron_helmet":1,"minecraft:bread":36,"minecraft:jungle_planks":28,"minecraft:iron_chestplate":1,"minecraft:iron_axe":1,"minecraft:stick":4,"minecraft:iron_pickaxe":1,"minecraft:iron_leggings":1,"minecraft:torch":12,"minecraft:wheat":108},"minecraft:picked_up":{"minecraft:birch_door":1,"minecraft:waxed_oxidized_cut_copper":3,"minecraft:jungle_log":7,"minecraft:oak_log":1,"minecraft:dirt":22,"minecraft:red_bed":1,"minecraft:cooked_mutton":2,"minecraft:stone_bricks":1,"minecraft:wheat_seeds":3,"alexsmobs:banana":1,"minecraft:stone_pickaxe":1,"minecraft:dark_oak_sign":1,"minecraft:calcite":9,"minecraft:mossy_stone_bricks":1,"minecraft:furnace":1,"minecraft:stick":3,"minecraft:torch":2,"minecraft:spruce_stairs":1,"minecraft:gravel":7,"minecraft:stripped_spruce_log":2,"tombstone:grave_dust":1,"minecraft:diorite":4,"minecraft:spruce_door":2,"alexsmobs:animal_dictionary":3,"minecraft:dark_prismarine":1,"simplehats:palmtree":1,"minecraft:rotten_flesh":5,"minecraft:chainmail_leggings":1,"minecraft:hay_block":12,"minecraft:granite":1,"minecraft:brick_stairs":2,"minecraft:oak_sapling":1,"minecraft:mutton":4,"minecraft:white_wool":3,"minecraft:cobblestone":28},"minecraft:used":{"minecraft:calcite":9,"minecraft:diorite":2,"minecraft:dark_oak_sign":1,"minecraft:stone_pickaxe":71,"minecraft:oak_planks":4,"minecraft:waxed_oxidized_cut_copper":3,"minecraft:cookie":3,"minecraft:iron_chestplate":1,"minecraft:white_wool":1,"minecraft:torch":4,"minecraft:mutton":2,"minecraft:dirt":4,"minecraft:crafting_table":1,"minecraft:spruce_stairs":1,"minecraft:dark_prismarine":1,"minecraft:apple":1,"minecraft:iron_axe":4,"minecraft:bread":9,"minecraft:iron_pickaxe":66,"minecraft:iron_helmet":1,"minecraft:gravel":4,"minecraft:stone_bricks":1,"minecraft:cobblestone":32,"minecraft:oak_sapling":1,"minecraft:furnace":1,"alexsmobs:animal_dictionary":2,"minecraft:cooked_beef":2,"minecraft:iron_leggings":1},"minecraft:mined":{"minecraft:dark_prismarine":1,"minecraft:red_bed":1,"minecraft:gray_stained_glass_pane":1,"minecraft:acacia_log":2,"minecraft:grass_block":2,"minecraft:calcite":9,"minecraft:melon":1,"minecraft:jungle_log":10,"minecraft:tall_grass":6,"minecraft:cobblestone":11,"minecraft:diorite":2,"minecraft:wall_torch":1,"minecraft:spawner":3,"minecraft:hay_block":12,"minecraft:spruce_stairs":1,"minecraft:waxed_oxidized_cut_copper":3,"minecraft:furnace":1,"minecraft:dark_oak_wall_sign":1,"minecraft:birch_log":2,"minecraft:fire":38,"minecraft:grass":22,"minecraft:oak_log":3,"minecraft:vine":3,"minecraft:gravel":3,"minecraft:dirt":3,"minecraft:stone_bricks":1,"minecraft:stone":17,"minecraft:mossy_stone_bricks":1,"minecraft:oak_leaves":4,"minecraft:fern":3},"minecraft:killed":{"born_in_chaos_v1:maggot":1,"minecraft:sheep":2,"minecraft:zombie":3},"minecraft:custom":{"minecraft:mob_kills":6,"minecraft:interact_with_crafting_table":8,"minecraft:open_barrel":3,"minecraft:eat_cake_slice":1,"minecraft:leave_game":5,"minecraft:time_since_death":13369,"minecraft:climb_one_cm":5101,"minecraft:time_since_rest":12888,"minecraft:sprint_one_cm":201473,"minecraft:damage_taken":1409,"minecraft:walk_one_cm":166228,"minecraft:drop":35,"minecraft:damage_dealt":905,"minecraft:swim_one_cm":9781,"minecraft:fly_one_cm":263392,"minecraft:talked_to_villager":1,"minecraft:open_chest":49,"minecraft:crouch_one_cm":5973,"minecraft:play_time":27195,"tombstone:undead_killed":3,"minecraft:deaths":3,"minecraft:sneak_time":844,"minecraft:walk_under_water_one_cm":2869,"tombstone:tomb_raiding":1,"minecraft:jump":1133,"minecraft:walk_on_water_one_cm":4214,"minecraft:total_world_time":27195,"minecraft:fall_one_cm":32325},"minecraft:killed_by":{"minecraft:player":1,"minecraft:skeleton":1,"alexsmobs:rhinoceros":1},"minecraft:dropped":{"minecraft:gravel":1,"minecraft:stripped_spruce_log":2,"minecraft:wheat_seeds":2,"alexsmobs:animal_dictionary":3,"tombstone:gift":1,"minecraft:cobblestone":1,"minecraft:spruce_door":2,"minecraft:dirt":18,"minecraft:diorite":2,"tombstone:grave_dust":1,"minecraft:stone_pickaxe":2,"minecraft:chainmail_leggings":1}},"DataVersion":3465}