{"stats":{"minecraft:picked_up":{"minecraft:torch":1,"minecraft:spruce_stairs":1,"tombstone:grave_dust":1,"alexsmobs:animal_dictionary":3,"minecraft:rotten_flesh":2,"minecraft:wheat_seeds":3,"minecraft:chainmail_leggings":1,"minecraft:hay_block":12,"minecraft:mutton":2,"minecraft:white_wool":1},"minecraft:used":{"minecraft:apple":1,"minecraft:bread":4,"minecraft:stone_pickaxe":8,"minecraft:white_wool":1,"minecraft:mutton":2,"minecraft:spruce_stairs":1,"alexsmobs:animal_dictionary":2},"minecraft:mined":{"minecraft:spruce_stairs":1,"minecraft:hay_block":12,"minecraft:birch_log":2,"minecraft:gray_stained_glass_pane":1,"minecraft:grass":22,"minecraft:acacia_log":2,"minecraft:grass_block":1,"minecraft:oak_log":2,"minecraft:jungle_log":1,"minecraft:tall_grass":4,"minecraft:wall_torch":1,"minecraft:fern":2},"minecraft:killed":{"minecraft:sheep":1,"minecraft:zombie":1},"minecraft:custom":{"minecraft:time_since_rest":208,"minecraft:sprint_one_cm":83796,"minecraft:damage_taken":701,"minecraft:walk_one_cm":98418,"minecraft:mob_kills":2,"minecraft:drop":6,"minecraft:damage_dealt":333,"minecraft:swim_one_cm":7300,"minecraft:talked_to_villager":1,"minecraft:fly_one_cm":115235,"minecraft:open_barrel":3,"minecraft:open_chest":17,"minecraft:crouch_one_cm":1282,"minecraft:play_time":10599,"tombstone:undead_killed":1,"minecraft:deaths":2,"minecraft:sneak_time":209,"minecraft:walk_under_water_one_cm":433,"tombstone:tomb_raiding":1,"minecraft:jump":456,"minecraft:eat_cake_slice":1,"minecraft:leave_game":2,"minecraft:walk_on_water_one_cm":1442,"minecraft:time_since_death":501,"minecraft:total_world_time":10599,"minecraft:climb_one_cm":1229,"minecraft:fall_one_cm":12522},"minecraft:killed_by":{"minecraft:player":1,"minecraft:skeleton":1},"minecraft:dropped":{"minecraft:wheat_seeds":2,"alexsmobs:animal_dictionary":3,"tombstone:gift":1}},"DataVersion":3465}