{"stats":{"minecraft:dropped":{"minecraft:stripped_spruce_log":2,"minecraft:moss_block":3,"minecraft:wheat_seeds":3,"minecraft:cobblestone":4,"minecraft:glow_berries":1,"minecraft:spruce_door":2,"minecraft:coal":1,"minecraft:flint":5,"minecraft:dirt":18,"minecraft:diorite":2,"tombstone:grave_dust":8,"minecraft:pumpkin_pie":2,"minecraft:iron_axe":1,"minecraft:iron_pickaxe":1,"minecraft:chainmail_leggings":5,"minecraft:white_wool":2,"minecraft:smooth_basalt":1,"minecraft:gravel":18,"minecraft:moss_carpet":3,"alexsmobs:animal_dictionary":3,"minecraft:cobbled_deepslate":22,"minecraft:tuff":1,"tombstone:gift":1,"minecraft:raw_iron":1,"minecraft:leather_boots":1,"minecraft:azalea":2,"minecraft:spider_eye":1,"minecraft:stone_pickaxe":2,"alexsmobs:banana":1,"minecraft:calcite":1},"minecraft:killed":{"minecraft:spider":6,"born_in_chaos_v1:maggot":1,"minecraft:skeleton":1,"born_in_chaos_v1:diamond_termite":2,"minecraft:sheep":2,"minecraft:zombie":5},"minecraft:crafted":{"simplehats:julydouble":1,"minecraft:oak_planks":4,"minecraft:iron_boots":1,"minecraft:iron_axe":1,"minecraft:wheat":108,"minecraft:crafting_table":3,"minecraft:iron_helmet":1,"minecraft:bread":36,"minecraft:jungle_planks":28,"minecraft:iron_chestplate":1,"minecraft:diamond_pickaxe":1,"minecraft:stick":12,"minecraft:iron_pickaxe":1,"minecraft:iron_leggings":1,"minecraft:torch":36,"minecraft:diamond_chestplate":1},"minecraft:picked_up":{"minecraft:waxed_oxidized_cut_copper":3,"minecraft:birch_door":1,"born_in_chaos_v1:diamond_termite_shard":2,"simplehats:julydouble":1,"simplehats:ladybug_on_head":1,"born_in_chaos_v1:black_argillite":4,"minecraft:string":4,"minecraft:red_bed":1,"minecraft:moss_carpet":3,"simplehats:baseballhat":1,"alexsmobs:banana":1,"minecraft:cobbled_deepslate":111,"minecraft:calcite":10,"minecraft:azalea":2,"minecraft:furnace":1,"minecraft:stick":3,"minecraft:torch":6,"minecraft:spruce_stairs":1,"epicfight:skillbook":1,"tombstone:grave_dust":7,"minecraft:diorite":4,"minecraft:rotten_flesh":5,"minecraft:pumpkin_pie":1,"minecraft:hay_block":12,"minecraft:brick_stairs":2,"minecraft:glow_berries":1,"minecraft:mutton":4,"minecraft:cobblestone":89,"minecraft:white_wool":3,"minecraft:andesite":21,"minecraft:jungle_log":7,"minecraft:flint":5,"minecraft:oak_log":1,"minecraft:lapis_lazuli":29,"minecraft:dirt":27,"minecraft:cooked_mutton":2,"minecraft:stone_bricks":1,"minecraft:wheat_seeds":4,"minecraft:stone_pickaxe":1,"minecraft:dark_oak_sign":1,"minecraft:mossy_stone_bricks":1,"simplehats:hatbag_uncommon":1,"minecraft:moss_block":4,"minecraft:smooth_basalt":1,"minecraft:gravel":22,"minecraft:stripped_spruce_log":2,"simplehats:longfoxears":1,"minecraft:spider_eye":1,"alexsmobs:animal_dictionary":3,"minecraft:spruce_door":2,"minecraft:dark_prismarine":1,"simplehats:palmtree":1,"minecraft:diamond":25,"minecraft:chainmail_leggings":5,"minecraft:granite":1,"minecraft:oak_sapling":1,"simplehats:hatbag_summer":1},"minecraft:used":{"minecraft:iron_sword":52,"minecraft:iron_chestplate":1,"minecraft:torch":42,"minecraft:dirt":4,"minecraft:mutton":2,"minecraft:spruce_stairs":1,"minecraft:iron_axe":16,"minecraft:iron_helmet":1,"minecraft:iron_boots":1,"minecraft:stone_bricks":1,"minecraft:diamond_chestplate":1,"minecraft:furnace":1,"minecraft:oak_sapling":1,"tombstone:gift":1,"minecraft:cooked_beef":3,"minecraft:cobbled_deepslate":53,"minecraft:iron_leggings":1,"minecraft:calcite":9,"epicfight:skillbook":1,"minecraft:diorite":2,"minecraft:stone_pickaxe":71,"minecraft:dark_oak_sign":1,"minecraft:oak_planks":4,"minecraft:waxed_oxidized_cut_copper":3,"minecraft:diamond_axe":1,"minecraft:cookie":3,"minecraft:white_wool":1,"minecraft:crafting_table":3,"minecraft:red_bed":1,"minecraft:cake":1,"minecraft:dark_prismarine":1,"minecraft:diamond_pickaxe":129,"minecraft:apple":1,"minecraft:bread":11,"minecraft:iron_pickaxe":151,"tombstone:magic_scroll":1,"minecraft:gravel":4,"minecraft:cobblestone":32,"alexsmobs:animal_dictionary":2},"minecraft:killed_by":{"minecraft:player":1,"minecraft:creeper":1,"minecraft:skeleton":1,"alexsmobs:rhinoceros":1},"minecraft:mined":{"minecraft:dark_prismarine":1,"minecraft:deepslate_diamond_ore":26,"born_in_chaos_v1:infected_diamond_ore":1,"minecraft:gray_stained_glass_pane":1,"minecraft:acacia_log":2,"minecraft:grass_block":2,"born_in_chaos_v1:black_argillite":5,"minecraft:jungle_log":10,"minecraft:moss_block":4,"minecraft:spawner":4,"minecraft:hay_block":12,"minecraft:waxed_oxidized_cut_copper":3,"minecraft:furnace":1,"minecraft:cobbled_deepslate":1,"minecraft:fire":38,"minecraft:andesite":21,"minecraft:deepslate_lapis_ore":1,"minecraft:vine":3,"minecraft:stone":64,"minecraft:red_bed":1,"minecraft:crafting_table":1,"minecraft:calcite":11,"minecraft:melon":1,"minecraft:cobblestone":17,"minecraft:tall_grass":7,"minecraft:lapis_ore":4,"minecraft:diorite":2,"minecraft:wall_torch":5,"minecraft:spruce_stairs":1,"minecraft:dark_oak_wall_sign":1,"minecraft:birch_log":2,"minecraft:grass":25,"minecraft:oak_log":3,"minecraft:gravel":14,"minecraft:dirt":8,"minecraft:smooth_basalt":1,"minecraft:stone_bricks":1,"minecraft:mossy_stone_bricks":1,"minecraft:oak_leaves":4,"minecraft:fern":3,"minecraft:deepslate":71},"minecraft:custom":{"minecraft:mob_kills":17,"minecraft:interact_with_crafting_table":11,"minecraft:open_barrel":8,"minecraft:eat_cake_slice":3,"minecraft:leave_game":6,"minecraft:time_since_death":2501,"minecraft:climb_one_cm":5547,"minecraft:sprint_one_cm":232178,"minecraft:walk_one_cm":227383,"minecraft:drop":80,"minecraft:talked_to_villager":1,"minecraft:play_time":37735,"minecraft:deaths":5,"minecraft:sneak_time":1181,"minecraft:walk_under_water_one_cm":2869,"tombstone:tomb_raiding":1,"minecraft:jump":1533,"minecraft:walk_on_water_one_cm":8339,"minecraft:total_world_time":37735,"minecraft:time_since_rest":2089,"minecraft:damage_taken":2056,"minecraft:damage_dealt":2659,"minecraft:swim_one_cm":9781,"minecraft:fly_one_cm":347093,"minecraft:open_chest":60,"minecraft:crouch_one_cm":7931,"tombstone:undead_killed":6,"minecraft:fall_one_cm":58017}},"DataVersion":3465}