{"stats":{"minecraft:crafted":{"minecraft:acacia_planks":20,"minecraft:torch":20,"minecraft:crafting_table":1,"minecraft:stick":12,"minecraft:stone_pickaxe":1,"minecraft:wooden_pickaxe":1},"minecraft:used":{"minecraft:torch":15,"minecraft:cobblestone":3,"minecraft:crafting_table":1,"minecraft:stone_pickaxe":18,"tombstone:gift":2,"minecraft:wooden_pickaxe":4},"minecraft:picked_up":{"minecraft:crafting_table":1,"minecraft:raw_iron":1,"minecraft:acacia_log":5,"minecraft:coal":6,"minecraft:mutton":2,"minecraft:acacia_sapling":1,"minecraft:white_wool":1,"minecraft:cobblestone":14},"minecraft:mined":{"minecraft:grass":4,"minecraft:acacia_log":5,"minecraft:coal_ore":6,"minecraft:acacia_leaves":7,"minecraft:iron_ore":1,"minecraft:stone":14,"minecraft:crafting_table":1},"minecraft:killed":{"minecraft:sheep":1},"minecraft:custom":{"minecraft:time_since_rest":3034,"minecraft:play_time":5762,"minecraft:sprint_one_cm":34648,"minecraft:walk_one_cm":49790,"minecraft:damage_taken":284,"minecraft:deaths":1,"minecraft:walk_under_water_one_cm":464,"minecraft:mob_kills":1,"minecraft:jump":197,"minecraft:damage_dealt":81,"minecraft:leave_game":1,"minecraft:time_since_death":3955,"minecraft:walk_on_water_one_cm":4954,"minecraft:total_world_time":5762,"minecraft:interact_with_crafting_table":4,"minecraft:swim_one_cm":1400,"minecraft:fall_one_cm":3325,"minecraft:fly_one_cm":62630},"minecraft:killed_by":{"minecraft:player":1}},"DataVersion":3465}