{"stats":{"minecraft:crafted":{"minecraft:crafting_table":1,"minecraft:stick":12,"minecraft:wooden_pickaxe":1,"minecraft:stone_pickaxe":1,"minecraft:acacia_planks":20,"minecraft:torch":20},"minecraft:used":{"minecraft:stone_pickaxe":20,"minecraft:wooden_pickaxe":4,"minecraft:torch":15,"minecraft:cobblestone":3,"minecraft:crafting_table":1,"tombstone:gift":2,"minecraft:acacia_planks":1},"minecraft:picked_up":{"minecraft:crafting_table":1,"minecraft:raw_iron":1,"minecraft:acacia_log":5,"minecraft:red_carpet":3,"minecraft:writable_book":1,"minecraft:mutton":2,"minecraft:acacia_sapling":1,"minecraft:coal":6,"minecraft:white_wool":1,"minecraft:cobblestone":14},"minecraft:mined":{"minecraft:acacia_leaves":7,"minecraft:iron_ore":1,"minecraft:crafting_table":1,"minecraft:grass":4,"minecraft:acacia_log":5,"minecraft:coal_ore":6,"minecraft:stone":14},"minecraft:killed":{"minecraft:sheep":1},"minecraft:custom":{"minecraft:time_since_rest":390,"minecraft:sprint_one_cm":35225,"minecraft:damage_taken":594,"minecraft:walk_one_cm":57274,"minecraft:mob_kills":1,"minecraft:damage_dealt":84,"minecraft:swim_one_cm":1400,"minecraft:interact_with_crafting_table":4,"minecraft:fly_one_cm":62660,"minecraft:open_barrel":3,"minecraft:open_chest":4,"minecraft:crouch_one_cm":458,"minecraft:play_time":11996,"minecraft:deaths":2,"minecraft:sneak_time":143,"minecraft:walk_under_water_one_cm":464,"minecraft:jump":198,"minecraft:leave_game":2,"minecraft:walk_on_water_one_cm":4961,"minecraft:time_since_death":688,"minecraft:total_world_time":11996,"minecraft:fall_one_cm":4406},"minecraft:killed_by":{"minecraft:player":1}},"DataVersion":3465}