{"stats":{"minecraft:dropped":{"minecraft:iron_ingot":1,"minecraft:raw_iron":1},"minecraft:killed":{"minecraft:sheep":2,"minecraft:pig":1,"minecraft:iron_golem":1},"minecraft:crafted":{"minecraft:crafting_table":1,"minecraft:stick":12,"minecraft:wooden_pickaxe":1,"minecraft:stone_pickaxe":1,"minecraft:stone_sword":1,"minecraft:iron_sword":1,"minecraft:acacia_planks":20,"minecraft:torch":20},"minecraft:picked_up":{"minecraft:stick":1,"minecraft:oak_slab":2,"minecraft:crafting_table":3,"minecraft:raw_iron":1,"minecraft:basalt":3,"alexsmobs:acacia_blossom":1,"minecraft:acacia_log":5,"minecraft:porkchop":3,"minecraft:dirt":8,"minecraft:andesite_wall":1,"minecraft:red_carpet":3,"minecraft:stone_bricks":1,"minecraft:decorated_pot":1,"minecraft:cobbled_deepslate":8,"minecraft:writable_book":1,"minecraft:iron_ingot":3,"alexsmobs:emu_egg":3,"minecraft:written_book":1,"minecraft:poppy":2,"minecraft:mutton":4,"minecraft:acacia_sapling":1,"minecraft:coal":6,"minecraft:white_wool":2,"minecraft:cobblestone":17},"minecraft:used":{"alexsmobs:emu_egg":3,"minecraft:stone_sword":76,"minecraft:stone_pickaxe":75,"minecraft:wooden_pickaxe":4,"minecraft:torch":19,"minecraft:dirt":6,"minecraft:cobblestone":6,"minecraft:oak_slab":2,"minecraft:crafting_table":3,"tombstone:gift":2,"minecraft:acacia_planks":1},"minecraft:killed_by":{"minecraft:player":1},"minecraft:mined":{"minecraft:oak_slab":1,"minecraft:acacia_leaves":8,"minecraft:cobbled_deepslate":2,"minecraft:iron_ore":1,"minecraft:fire":7,"minecraft:basalt":3,"minecraft:crafting_table":3,"minecraft:grass":7,"minecraft:acacia_log":5,"minecraft:coal_ore":6,"minecraft:decorated_pot":1,"minecraft:dead_bush":2,"minecraft:tall_grass":3,"minecraft:cobblestone":3,"minecraft:stone":14,"minecraft:deepslate":6},"minecraft:custom":{"minecraft:time_since_rest":6230,"minecraft:interact_with_furnace":2,"minecraft:sprint_one_cm":62361,"minecraft:damage_taken":714,"minecraft:walk_one_cm":114047,"minecraft:mob_kills":4,"minecraft:drop":2,"minecraft:damage_dealt":1206,"minecraft:talked_to_villager":1,"minecraft:swim_one_cm":1400,"minecraft:interact_with_crafting_table":6,"minecraft:fly_one_cm":80402,"minecraft:open_barrel":3,"minecraft:open_chest":8,"minecraft:crouch_one_cm":683,"minecraft:play_time":17836,"minecraft:deaths":2,"minecraft:sneak_time":333,"minecraft:walk_under_water_one_cm":464,"minecraft:jump":660,"minecraft:leave_game":2,"minecraft:walk_on_water_one_cm":7208,"minecraft:time_since_death":6528,"minecraft:climb_one_cm":462,"minecraft:total_world_time":17836,"minecraft:fall_one_cm":8452}},"DataVersion":3465}