{"stats":{"minecraft:dropped":{"minecraft:iron_ingot":1,"minecraft:raw_iron":1,"minecraft:basalt":3},"minecraft:killed":{"minecraft:pig":3,"minecraft:iron_golem":1,"born_in_chaos_v1:baby_skeleton_minion":2,"minecraft:skeleton":2,"minecraft:sheep":2,"minecraft:zombie":2,"alexsmobs:leafcutter_ant":1,"minecraft:cow":2},"minecraft:crafted":{"minecraft:coal_block":1,"minecraft:crafting_table":1,"minecraft:wooden_pickaxe":1,"minecraft:iron_sword":1,"minecraft:furnace":1,"minecraft:stick":12,"minecraft:stone_pickaxe":1,"minecraft:stone_sword":1,"minecraft:chest":1,"minecraft:acacia_planks":20,"minecraft:torch":48},"minecraft:picked_up":{"minecraft:cocoa_beans":9,"minecraft:crafting_table":3,"minecraft:feather":1,"minecraft:basalt":6,"minecraft:leather":1,"alexsmobs:acacia_blossom":1,"minecraft:dirt":8,"minecraft:bone":3,"minecraft:red_carpet":9,"minecraft:stone_bricks":1,"minecraft:wheat_seeds":1,"minecraft:cobbled_deepslate":8,"minecraft:beef":4,"minecraft:iron_ingot":3,"minecraft:written_book":1,"minecraft:poppy":2,"minecraft:bamboo":12,"mowziesmobs:umvuthana_mask_misery":1,"minecraft:acacia_sapling":1,"minecraft:oak_slab":2,"minecraft:stick":1,"minecraft:raw_iron":1,"minecraft:oak_fence":1,"born_in_chaos_v1:ethereal_spirit":1,"minecraft:acacia_log":5,"minecraft:porkchop":8,"epicfight:skillbook":2,"tombstone:grave_dust":2,"minecraft:andesite_wall":1,"minecraft:arrow":3,"minecraft:rotten_flesh":1,"minecraft:decorated_pot":1,"minecraft:peony":1,"minecraft:writable_book":1,"alexsmobs:emu_egg":3,"minecraft:mutton":4,"minecraft:coal":41,"minecraft:white_wool":2,"minecraft:cobblestone":24},"minecraft:used":{"alexsmobs:emu_egg":3,"epicfight:skillbook":2,"minecraft:stone_sword":76,"minecraft:glass_bottle":1,"minecraft:stone_pickaxe":118,"minecraft:chest":1,"minecraft:wooden_pickaxe":4,"minecraft:iron_sword":158,"minecraft:torch":38,"minecraft:dirt":6,"minecraft:mutton":1,"minecraft:oak_slab":2,"minecraft:crafting_table":4,"minecraft:cobblestone":6,"minecraft:furnace":1,"minecraft:porkchop":4,"tombstone:gift":6,"minecraft:acacia_planks":1},"minecraft:killed_by":{"minecraft:player":1,"minecraft:skeleton":3,"minecraft:creeper":1,"alexsmobs:rhinoceros":1,"minecraft:enderman":1},"minecraft:mined":{"minecraft:oak_slab":1,"minecraft:acacia_leaves":8,"minecraft:basalt":3,"minecraft:oak_fence":1,"minecraft:crafting_table":3,"minecraft:acacia_log":5,"minecraft:decorated_pot":1,"minecraft:dead_bush":2,"minecraft:tall_grass":4,"minecraft:cobblestone":3,"minecraft:iron_ore":1,"minecraft:fire":7,"minecraft:cobbled_deepslate":2,"minecraft:peony":1,"minecraft:grass":22,"minecraft:coal_ore":41,"minecraft:cocoa":3,"minecraft:bamboo":2,"minecraft:stone":21,"minecraft:deepslate":6,"minecraft:fern":2},"minecraft:custom":{"minecraft:interact_with_furnace":4,"minecraft:mob_kills":18,"minecraft:interact_with_crafting_table":9,"minecraft:open_barrel":4,"minecraft:damage_dealt_resisted":81,"minecraft:leave_game":3,"minecraft:time_since_death":690,"minecraft:climb_one_cm":1386,"minecraft:time_since_rest":216,"minecraft:sprint_one_cm":194460,"minecraft:damage_taken":54669,"minecraft:walk_one_cm":268168,"minecraft:drop":3,"minecraft:damage_dealt":2907,"minecraft:swim_one_cm":1400,"minecraft:talked_to_villager":1,"minecraft:fly_one_cm":246529,"minecraft:open_chest":13,"minecraft:crouch_one_cm":726,"minecraft:play_time":32565,"tombstone:undead_killed":6,"minecraft:deaths":9,"minecraft:sneak_time":355,"minecraft:walk_under_water_one_cm":464,"minecraft:jump":1421,"minecraft:walk_on_water_one_cm":15554,"minecraft:total_world_time":32565,"minecraft:fall_one_cm":542890}},"DataVersion":3465}