{"stats":{"minecraft:dropped":{"minecraft:peony":1,"tombstone:grave_key":3},"minecraft:killed":{"minecraft:skeleton":1},"minecraft:crafted":{"minecraft:oak_planks":4},"minecraft:picked_up":{"minecraft:stick":1,"minecraft:bone":2,"minecraft:raw_iron":1,"minecraft:arrow":2,"minecraft:cracked_stone_bricks":5,"minecraft:peony":2,"tombstone:grave_key":2,"minecraft:iron_ingot":1,"minecraft:sand":1,"minecraft:oak_log":2,"minecraft:oak_planks":6,"minecraft:spruce_trapdoor":3},"minecraft:killed_by":{"minecraft:player":1,"born_in_chaos_v1:decrepit_skeleton":1,"irons_spellbooks:necromancer":1,"born_in_chaos_v1:nightmare_stalker":1},"minecraft:mined":{"minecraft:oak_log":3,"minecraft:sand":1,"minecraft:oak_planks":4},"minecraft:custom":{"minecraft:time_since_rest":445,"minecraft:open_chest":17,"minecraft:deaths":4,"minecraft:interact_with_furnace":3,"minecraft:play_time":15233,"minecraft:sprint_one_cm":37479,"minecraft:damage_taken":1198,"tombstone:undead_killed":1,"minecraft:walk_one_cm":244080,"minecraft:sneak_time":3,"minecraft:mob_kills":1,"minecraft:drop":4,"minecraft:jump":565,"minecraft:leave_game":1,"minecraft:damage_dealt":51,"minecraft:walk_on_water_one_cm":83,"minecraft:time_since_death":2844,"minecraft:total_world_time":15233,"minecraft:climb_one_cm":1237,"minecraft:interact_with_crafting_table":3,"minecraft:fall_one_cm":7706,"minecraft:fly_one_cm":43250}},"DataVersion":3465}