{"stats":{"minecraft:dropped":{"minecraft:peony":1},"minecraft:killed":{"minecraft:skeleton":1},"minecraft:crafted":{"minecraft:oak_planks":4},"minecraft:picked_up":{"minecraft:bone":2,"minecraft:raw_iron":1,"minecraft:arrow":2,"minecraft:cracked_stone_bricks":5,"minecraft:peony":2,"minecraft:iron_ingot":1,"minecraft:oak_log":2,"minecraft:oak_planks":6,"minecraft:spruce_trapdoor":3},"minecraft:killed_by":{"minecraft:player":1,"born_in_chaos_v1:nightmare_stalker":1},"minecraft:mined":{"minecraft:oak_log":3,"minecraft:oak_planks":4},"minecraft:custom":{"minecraft:time_since_rest":16,"minecraft:open_chest":17,"minecraft:deaths":2,"minecraft:interact_with_furnace":3,"minecraft:play_time":6522,"minecraft:sprint_one_cm":10647,"minecraft:damage_taken":567,"tombstone:undead_killed":1,"minecraft:walk_one_cm":117956,"minecraft:mob_kills":1,"minecraft:drop":1,"minecraft:jump":221,"minecraft:damage_dealt":45,"minecraft:walk_on_water_one_cm":83,"minecraft:time_since_death":29,"minecraft:total_world_time":6522,"minecraft:climb_one_cm":303,"minecraft:interact_with_crafting_table":3,"minecraft:fall_one_cm":2957,"minecraft:fly_one_cm":9209}},"DataVersion":3465}