{"stats":{"minecraft:picked_up":{"minecraft:coarse_dirt":8,"minecraft:birch_door":2,"minecraft:crafting_table":1,"minecraft:ladder":1,"minecraft:leather":6,"minecraft:smithing_table":1,"minecraft:stone_brick_stairs":1,"minecraft:oak_log":5,"tombstone:grave_key":1,"minecraft:gunpowder":2,"minecraft:lantern":1,"simplehats:demonhorns":1,"minecraft:red_carpet":4,"simplehats:tick_on_head":1,"minecraft:bone":5,"minecraft:chipped_anvil":1,"minecraft:stone_bricks":9,"minecraft:cracked_stone_bricks":1,"minecraft:wheat_seeds":5,"minecraft:beef":5,"simplehats:hatbag_uncommon":1,"minecraft:acacia_sapling":4,"minecraft:mangrove_log":1,"born_in_chaos_v1:shattered_skull":1,"minecraft:stick":2,"minecraft:raw_iron":13,"minecraft:stripped_mangrove_wood":3,"simplehats:hatbag_common":1,"epicfight:stone_greatsword":1,"minecraft:torch":2,"minecraft:acacia_log":44,"epicfight:skillbook":1,"minecraft:porkchop":2,"tombstone:grave_dust":4,"born_in_chaos_v1:pieceofdarkmetal":2,"minecraft:purple_bed":1,"minecraft:andesite_wall":1,"minecraft:bundle":1,"minecraft:oak_wood":6,"minecraft:arrow":4,"simplehats:palmtree":1,"minecraft:light_gray_bed":1,"minecraft:rotten_flesh":4,"alexsmobs:emu_egg":2,"minecraft:spruce_sign":1,"simplehats:chickenonhead":1,"minecraft:oak_sapling":1,"minecraft:mutton":2,"minecraft:coal":1,"alexsmobs:kangaroo_meat":1,"minecraft:white_wool":2,"minecraft:cobblestone":2},"minecraft:crafted":{"minecraft:cooked_beef":3,"minecraft:oak_planks":40,"minecraft:crafting_table":2,"minecraft:iron_helmet":1,"minecraft:mangrove_planks":12,"minecraft:bucket":1,"minecraft:air":0,"simplehats:hatscraps_common":1,"minecraft:iron_boots":1,"minecraft:iron_chestplate":1,"minecraft:iron_axe":1,"minecraft:iron_ingot":8,"minecraft:stick":8,"minecraft:iron_pickaxe":1,"minecraft:iron_leggings":1,"minecraft:acacia_planks":168,"minecraft:torch":24,"minecraft:shears":1},"minecraft:used":{"alexsmobs:emu_egg":2,"minecraft:water_bucket":8,"minecraft:acacia_log":1,"minecraft:mangrove_planks":12,"minecraft:oak_planks":40,"minecraft:cooked_chicken":1,"minecraft:torch":16,"minecraft:golden_apple":1,"minecraft:mutton":2,"minecraft:crafting_table":3,"minecraft:birch_door":1,"alexsmobs:kangaroo_meat":1,"minecraft:bread":11,"minecraft:iron_axe":95,"minecraft:iron_pickaxe":27,"minecraft:red_carpet":4,"minecraft:golden_carrot":3,"minecraft:cobblestone":1,"minecraft:porkchop":2,"minecraft:cooked_beef":1,"minecraft:bucket":9,"tombstone:gift":1,"minecraft:coarse_dirt":7,"minecraft:acacia_planks":120},"minecraft:mined":{"minecraft:smithing_table":1,"minecraft:acacia_leaves":2,"minecraft:crafting_table":1,"minecraft:acacia_log":44,"minecraft:oak_wood":6,"minecraft:light_gray_bed":1,"minecraft:tall_grass":1,"minecraft:spruce_stairs":1,"minecraft:purple_bed":1,"minecraft:iron_ore":13,"minecraft:fire":36,"minecraft:andesite":1,"minecraft:stone_brick_stairs":1,"minecraft:grass":24,"minecraft:oak_log":4,"minecraft:coal_ore":2,"minecraft:stone_bricks":6,"minecraft:stripped_mangrove_wood":3,"minecraft:chipped_anvil":1},"minecraft:killed":{"born_in_chaos_v1:fallen_chaos_knight":1,"minecraft:pig":1,"alexsmobs:skunk":1,"minecraft:creeper":1,"born_in_chaos_v1:decrepit_skeleton":1,"minecraft:sheep":2,"minecraft:skeleton":6,"minecraft:zombie":1,"born_in_chaos_v1:corpse_fly":2,"minecraft:cow":3},"minecraft:custom":{"minecraft:interact_with_furnace":9,"minecraft:mob_kills":20,"minecraft:interact_with_crafting_table":5,"minecraft:open_barrel":8,"minecraft:interact_with_loom":1,"minecraft:damage_dealt_resisted":120,"minecraft:leave_game":1,"minecraft:time_since_death":8203,"minecraft:climb_one_cm":1666,"minecraft:time_since_rest":7859,"minecraft:sprint_one_cm":290743,"minecraft:damage_absorbed":20,"minecraft:damage_taken":2742,"minecraft:walk_one_cm":308981,"minecraft:drop":27,"minecraft:damage_dealt":3377,"minecraft:damage_dealt_absorbed":96,"minecraft:swim_one_cm":12649,"minecraft:player_kills":2,"minecraft:fly_one_cm":460090,"minecraft:play_time":45666,"minecraft:open_chest":35,"minecraft:crouch_one_cm":6301,"minecraft:sneak_time":877,"tombstone:undead_killed":9,"minecraft:deaths":7,"minecraft:walk_under_water_one_cm":6045,"minecraft:jump":1486,"minecraft:interact_with_smoker":4,"minecraft:interact_with_blast_furnace":1,"minecraft:walk_on_water_one_cm":29154,"minecraft:total_world_time":45666,"minecraft:fall_one_cm":36558},"minecraft:killed_by":{"minecraft:husk":1,"minecraft:skeleton":1},"minecraft:dropped":{"minecraft:spruce_sign":1,"minecraft:wheat_seeds":3,"minecraft:oak_log":1,"alexsmobs:animal_dictionary":1,"minecraft:rotten_flesh":1,"minecraft:lantern":1,"minecraft:mangrove_log":1,"minecraft:bundle":1,"tombstone:grave_key":2,"minecraft:birch_door":1,"simplehats:chickenonhead":1,"tombstone:grave_dust":3,"epicfight:stone_greatsword":1,"minecraft:glistering_melon_slice":2,"minecraft:acacia_planks":1,"simplehats:palmtree":1,"epicfight:skillbook":1,"minecraft:bone":2,"minecraft:gold_ingot":3}},"DataVersion":3465}