{"stats":{"minecraft:crafted":{"minecraft:oak_planks":40,"minecraft:crafting_table":1,"minecraft:iron_helmet":1,"minecraft:mangrove_planks":12,"minecraft:bucket":1,"minecraft:iron_boots":1,"minecraft:iron_chestplate":1,"minecraft:iron_axe":1,"minecraft:stick":8,"minecraft:iron_pickaxe":1,"minecraft:iron_leggings":1,"minecraft:acacia_planks":124,"minecraft:torch":24},"minecraft:picked_up":{"minecraft:birch_door":2,"minecraft:crafting_table":1,"minecraft:ladder":1,"minecraft:oak_log":5,"tombstone:grave_key":1,"minecraft:gunpowder":2,"simplehats:demonhorns":1,"simplehats:tick_on_head":1,"minecraft:chipped_anvil":1,"minecraft:bone":5,"minecraft:wheat_seeds":3,"simplehats:hatbag_uncommon":1,"minecraft:acacia_sapling":4,"minecraft:mangrove_log":1,"minecraft:raw_iron":13,"minecraft:stick":2,"minecraft:stripped_mangrove_wood":3,"simplehats:hatbag_common":1,"epicfight:stone_greatsword":1,"minecraft:acacia_log":43,"minecraft:porkchop":2,"epicfight:skillbook":1,"tombstone:grave_dust":3,"born_in_chaos_v1:pieceofdarkmetal":2,"minecraft:light_gray_bed":1,"minecraft:bundle":1,"minecraft:oak_wood":6,"minecraft:arrow":4,"simplehats:palmtree":1,"minecraft:rotten_flesh":1,"alexsmobs:emu_egg":2,"simplehats:chickenonhead":1,"minecraft:spruce_sign":1,"minecraft:mutton":2,"minecraft:coal":1,"alexsmobs:kangaroo_meat":1,"minecraft:white_wool":2,"minecraft:cobblestone":2},"minecraft:used":{"alexsmobs:emu_egg":2,"minecraft:water_bucket":2,"minecraft:mangrove_planks":12,"minecraft:oak_planks":40,"minecraft:torch":16,"minecraft:golden_apple":1,"minecraft:mutton":2,"minecraft:crafting_table":1,"minecraft:iron_axe":69,"minecraft:bread":11,"minecraft:iron_pickaxe":18,"alexsmobs:kangaroo_meat":1,"minecraft:golden_carrot":3,"minecraft:cobblestone":1,"minecraft:porkchop":2,"minecraft:bucket":3,"tombstone:gift":1,"minecraft:acacia_planks":111},"minecraft:mined":{"minecraft:acacia_leaves":2,"minecraft:crafting_table":1,"minecraft:acacia_log":43,"minecraft:oak_wood":6,"minecraft:light_gray_bed":1,"minecraft:tall_grass":1,"minecraft:iron_ore":13,"minecraft:fire":35,"minecraft:andesite":1,"minecraft:coal_ore":2,"minecraft:grass":22,"minecraft:oak_log":4,"minecraft:stripped_mangrove_wood":3,"minecraft:chipped_anvil":1},"minecraft:killed":{"born_in_chaos_v1:fallen_chaos_knight":1,"minecraft:pig":1,"alexsmobs:skunk":1,"minecraft:sheep":2,"minecraft:skeleton":5,"minecraft:zombie":1},"minecraft:custom":{"minecraft:mob_kills":12,"minecraft:interact_with_crafting_table":1,"minecraft:open_barrel":7,"minecraft:leave_game":1,"minecraft:time_since_death":6261,"minecraft:climb_one_cm":25,"minecraft:time_since_rest":6155,"minecraft:sprint_one_cm":213539,"minecraft:walk_one_cm":193905,"minecraft:damage_taken":2470,"minecraft:damage_absorbed":20,"minecraft:drop":22,"minecraft:damage_dealt":2176,"minecraft:damage_dealt_absorbed":24,"minecraft:swim_one_cm":12649,"minecraft:player_kills":2,"minecraft:fly_one_cm":398473,"minecraft:open_chest":9,"minecraft:crouch_one_cm":4482,"minecraft:play_time":34624,"tombstone:undead_killed":7,"minecraft:deaths":6,"minecraft:sneak_time":706,"minecraft:walk_under_water_one_cm":5500,"minecraft:jump":1201,"minecraft:interact_with_blast_furnace":1,"minecraft:walk_on_water_one_cm":28212,"minecraft:total_world_time":34624,"minecraft:fall_one_cm":30452},"minecraft:killed_by":{"minecraft:husk":1,"minecraft:skeleton":1},"minecraft:dropped":{"minecraft:spruce_sign":1,"minecraft:wheat_seeds":3,"minecraft:oak_log":1,"alexsmobs:animal_dictionary":1,"minecraft:rotten_flesh":1,"minecraft:mangrove_log":1,"minecraft:bundle":1,"tombstone:grave_key":2,"minecraft:birch_door":1,"tombstone:grave_dust":3,"epicfight:stone_greatsword":1,"simplehats:palmtree":1,"epicfight:skillbook":1,"minecraft:gold_ingot":3,"minecraft:bone":2}},"DataVersion":3465}