{"stats":{"minecraft:dropped":{"minecraft:spruce_sign":1,"minecraft:wheat_seeds":3,"minecraft:oak_log":1,"alexsmobs:animal_dictionary":1,"minecraft:rotten_flesh":1,"minecraft:mangrove_log":1,"minecraft:bundle":1,"tombstone:grave_key":2,"minecraft:birch_door":1,"tombstone:grave_dust":2,"epicfight:stone_greatsword":1,"simplehats:palmtree":1,"epicfight:skillbook":1,"minecraft:bone":2,"minecraft:gold_ingot":3},"minecraft:killed":{"born_in_chaos_v1:fallen_chaos_knight":1,"minecraft:skeleton":5},"minecraft:crafted":{"minecraft:oak_planks":40,"minecraft:crafting_table":1,"minecraft:iron_helmet":1,"minecraft:mangrove_planks":12,"minecraft:bucket":1,"minecraft:iron_boots":1,"minecraft:iron_chestplate":1,"minecraft:iron_axe":1,"minecraft:stick":8,"minecraft:iron_pickaxe":1,"minecraft:iron_leggings":1,"minecraft:acacia_planks":124},"minecraft:picked_up":{"minecraft:birch_door":2,"minecraft:crafting_table":1,"minecraft:ladder":1,"minecraft:oak_log":5,"tombstone:grave_key":1,"simplehats:demonhorns":1,"simplehats:tick_on_head":1,"minecraft:bone":5,"minecraft:wheat_seeds":3,"minecraft:acacia_sapling":4,"minecraft:mangrove_log":1,"minecraft:stick":2,"minecraft:stripped_mangrove_wood":3,"simplehats:hatbag_common":1,"epicfight:stone_greatsword":1,"minecraft:acacia_log":43,"epicfight:skillbook":1,"tombstone:grave_dust":2,"born_in_chaos_v1:pieceofdarkmetal":2,"minecraft:bundle":1,"minecraft:oak_wood":6,"minecraft:arrow":4,"simplehats:palmtree":1,"minecraft:light_gray_bed":1,"minecraft:rotten_flesh":1,"alexsmobs:emu_egg":2,"minecraft:spruce_sign":1,"alexsmobs:kangaroo_meat":1,"minecraft:cobblestone":2},"minecraft:used":{"alexsmobs:emu_egg":2,"minecraft:water_bucket":1,"minecraft:mangrove_planks":12,"minecraft:oak_planks":40,"minecraft:golden_apple":1,"minecraft:crafting_table":1,"minecraft:iron_axe":43,"minecraft:bread":11,"minecraft:golden_carrot":3,"minecraft:cobblestone":1,"minecraft:bucket":2,"tombstone:gift":1,"minecraft:acacia_planks":111},"minecraft:killed_by":{"minecraft:husk":1,"minecraft:skeleton":1},"minecraft:mined":{"minecraft:acacia_leaves":2,"minecraft:crafting_table":1,"minecraft:acacia_log":43,"minecraft:oak_wood":6,"minecraft:light_gray_bed":1,"minecraft:fire":35,"minecraft:grass":10,"minecraft:oak_log":4,"minecraft:stripped_mangrove_wood":3},"minecraft:custom":{"minecraft:mob_kills":7,"minecraft:interact_with_crafting_table":1,"minecraft:open_barrel":5,"minecraft:time_since_death":445,"minecraft:time_since_rest":339,"minecraft:sprint_one_cm":157865,"minecraft:walk_one_cm":140723,"minecraft:damage_taken":2369,"minecraft:damage_absorbed":20,"minecraft:drop":21,"minecraft:damage_dealt":1105,"minecraft:swim_one_cm":2184,"minecraft:fly_one_cm":270471,"minecraft:open_chest":7,"minecraft:sneak_time":629,"minecraft:crouch_one_cm":3105,"minecraft:play_time":28808,"tombstone:undead_killed":6,"minecraft:deaths":6,"minecraft:walk_under_water_one_cm":1775,"minecraft:jump":809,"minecraft:walk_on_water_one_cm":12929,"minecraft:total_world_time":28808,"minecraft:fall_one_cm":22006}},"DataVersion":3465}