{"stats":{"minecraft:dropped":{"minecraft:spruce_sign":1,"alexsmobs:animal_dictionary":1,"tombstone:grave_key":2,"minecraft:birch_door":1,"minecraft:gold_ingot":3},"minecraft:crafted":{"minecraft:oak_planks":24,"minecraft:acacia_planks":20},"minecraft:picked_up":{"minecraft:stripped_mangrove_wood":3,"minecraft:oak_wood":6,"minecraft:arrow":1,"simplehats:hatbag_common":1,"minecraft:acacia_log":5,"tombstone:grave_key":1,"minecraft:spruce_sign":1,"simplehats:tick_on_head":1,"minecraft:birch_door":2},"minecraft:used":{"minecraft:oak_planks":24,"tombstone:gift":1,"minecraft:acacia_planks":20},"minecraft:killed_by":{"minecraft:husk":1},"minecraft:mined":{"minecraft:acacia_log":5,"minecraft:oak_wood":6,"minecraft:fire":17,"minecraft:stripped_mangrove_wood":3},"minecraft:custom":{"minecraft:open_barrel":3,"minecraft:open_chest":3,"minecraft:time_since_rest":294,"minecraft:play_time":10808,"minecraft:sprint_one_cm":51493,"minecraft:walk_one_cm":43148,"minecraft:damage_taken":900,"minecraft:deaths":3,"minecraft:sneak_time":190,"minecraft:walk_under_water_one_cm":1194,"minecraft:mob_kills":1,"minecraft:drop":8,"minecraft:jump":206,"minecraft:damage_dealt":27,"minecraft:time_since_death":1706,"minecraft:walk_on_water_one_cm":1483,"minecraft:total_world_time":10808,"minecraft:fall_one_cm":5539,"minecraft:fly_one_cm":50629,"minecraft:crouch_one_cm":19}},"DataVersion":3465}