{"stats":{"minecraft:crafted":{"minecraft:oak_planks":40,"minecraft:crafting_table":1,"minecraft:iron_helmet":1,"minecraft:mangrove_planks":12,"minecraft:bucket":1,"minecraft:iron_boots":1,"minecraft:iron_chestplate":1,"minecraft:iron_axe":1,"minecraft:stick":8,"minecraft:iron_pickaxe":1,"minecraft:iron_leggings":1,"minecraft:acacia_planks":124,"minecraft:torch":24},"minecraft:picked_up":{"minecraft:coarse_dirt":3,"minecraft:birch_door":2,"minecraft:crafting_table":1,"minecraft:ladder":1,"minecraft:smithing_table":1,"minecraft:stone_brick_stairs":1,"minecraft:oak_log":5,"tombstone:grave_key":1,"minecraft:gunpowder":2,"simplehats:demonhorns":1,"minecraft:red_carpet":4,"simplehats:tick_on_head":1,"minecraft:bone":5,"minecraft:chipped_anvil":1,"minecraft:stone_bricks":7,"minecraft:cracked_stone_bricks":1,"minecraft:wheat_seeds":3,"simplehats:hatbag_uncommon":1,"minecraft:acacia_sapling":4,"minecraft:mangrove_log":1,"minecraft:stick":2,"minecraft:raw_iron":13,"minecraft:stripped_mangrove_wood":3,"simplehats:hatbag_common":1,"epicfight:stone_greatsword":1,"minecraft:torch":1,"minecraft:acacia_log":43,"epicfight:skillbook":1,"minecraft:porkchop":2,"tombstone:grave_dust":3,"born_in_chaos_v1:pieceofdarkmetal":2,"minecraft:bundle":1,"minecraft:oak_wood":6,"minecraft:arrow":4,"simplehats:palmtree":1,"minecraft:light_gray_bed":1,"minecraft:rotten_flesh":1,"alexsmobs:emu_egg":2,"minecraft:spruce_sign":1,"simplehats:chickenonhead":1,"minecraft:mutton":2,"minecraft:coal":1,"alexsmobs:kangaroo_meat":1,"minecraft:white_wool":2,"minecraft:cobblestone":2},"minecraft:used":{"alexsmobs:emu_egg":2,"minecraft:water_bucket":6,"minecraft:mangrove_planks":12,"minecraft:oak_planks":40,"minecraft:torch":16,"minecraft:golden_apple":1,"minecraft:mutton":2,"minecraft:crafting_table":2,"minecraft:birch_door":1,"alexsmobs:kangaroo_meat":1,"minecraft:bread":11,"minecraft:iron_axe":72,"minecraft:iron_pickaxe":25,"minecraft:red_carpet":4,"minecraft:golden_carrot":3,"minecraft:cobblestone":1,"minecraft:porkchop":2,"minecraft:bucket":7,"tombstone:gift":1,"minecraft:acacia_planks":111},"minecraft:mined":{"minecraft:smithing_table":1,"minecraft:acacia_leaves":2,"minecraft:crafting_table":1,"minecraft:acacia_log":43,"minecraft:oak_wood":6,"minecraft:light_gray_bed":1,"minecraft:tall_grass":1,"minecraft:spruce_stairs":1,"minecraft:iron_ore":13,"minecraft:fire":35,"minecraft:andesite":1,"minecraft:stone_brick_stairs":1,"minecraft:grass":22,"minecraft:oak_log":4,"minecraft:coal_ore":2,"minecraft:stone_bricks":6,"minecraft:stripped_mangrove_wood":3,"minecraft:chipped_anvil":1},"minecraft:killed":{"born_in_chaos_v1:fallen_chaos_knight":1,"minecraft:pig":1,"alexsmobs:skunk":1,"minecraft:sheep":2,"minecraft:skeleton":6,"minecraft:zombie":1},"minecraft:custom":{"minecraft:interact_with_furnace":1,"minecraft:mob_kills":13,"minecraft:interact_with_crafting_table":3,"minecraft:open_barrel":8,"minecraft:interact_with_loom":1,"minecraft:leave_game":1,"minecraft:time_since_death":2203,"minecraft:climb_one_cm":1666,"minecraft:time_since_rest":1859,"minecraft:sprint_one_cm":249955,"minecraft:damage_absorbed":20,"minecraft:damage_taken":2592,"minecraft:walk_one_cm":259561,"minecraft:drop":23,"minecraft:damage_dealt":2276,"minecraft:damage_dealt_absorbed":24,"minecraft:swim_one_cm":12649,"minecraft:player_kills":2,"minecraft:fly_one_cm":420393,"minecraft:play_time":39666,"minecraft:open_chest":21,"minecraft:crouch_one_cm":5472,"minecraft:sneak_time":820,"tombstone:undead_killed":8,"minecraft:deaths":7,"minecraft:walk_under_water_one_cm":6045,"minecraft:jump":1309,"minecraft:interact_with_blast_furnace":1,"minecraft:walk_on_water_one_cm":29060,"minecraft:total_world_time":39666,"minecraft:fall_one_cm":33690},"minecraft:killed_by":{"minecraft:husk":1,"minecraft:skeleton":1},"minecraft:dropped":{"minecraft:spruce_sign":1,"minecraft:wheat_seeds":3,"minecraft:oak_log":1,"alexsmobs:animal_dictionary":1,"minecraft:rotten_flesh":1,"minecraft:mangrove_log":1,"minecraft:bundle":1,"tombstone:grave_key":2,"minecraft:birch_door":1,"simplehats:chickenonhead":1,"tombstone:grave_dust":3,"epicfight:stone_greatsword":1,"simplehats:palmtree":1,"epicfight:skillbook":1,"minecraft:bone":2,"minecraft:gold_ingot":3}},"DataVersion":3465}