{"stats":{"minecraft:dropped":{"minecraft:spruce_sign":1,"minecraft:wheat_seeds":1,"alexsmobs:animal_dictionary":1,"tombstone:grave_key":2,"minecraft:birch_door":1,"minecraft:gold_ingot":3,"minecraft:bone":2},"minecraft:crafted":{"minecraft:oak_planks":40,"minecraft:iron_boots":1,"minecraft:iron_chestplate":1,"minecraft:iron_axe":1,"minecraft:crafting_table":1,"minecraft:stick":8,"minecraft:iron_pickaxe":1,"minecraft:iron_helmet":1,"minecraft:iron_leggings":1,"minecraft:bucket":1,"minecraft:mangrove_planks":12,"minecraft:acacia_planks":124},"minecraft:picked_up":{"minecraft:crafting_table":1,"minecraft:birch_door":2,"minecraft:stripped_mangrove_wood":3,"minecraft:ladder":1,"simplehats:hatbag_common":1,"minecraft:acacia_log":31,"minecraft:oak_log":4,"tombstone:grave_key":1,"minecraft:oak_wood":6,"minecraft:bone":2,"simplehats:tick_on_head":1,"minecraft:arrow":1,"minecraft:light_gray_bed":1,"minecraft:wheat_seeds":1,"alexsmobs:emu_egg":2,"minecraft:spruce_sign":1,"minecraft:acacia_sapling":1,"alexsmobs:kangaroo_meat":1,"minecraft:cobblestone":2},"minecraft:used":{"alexsmobs:emu_egg":2,"minecraft:iron_axe":12,"minecraft:bread":7,"minecraft:mangrove_planks":12,"minecraft:oak_planks":40,"minecraft:golden_apple":1,"minecraft:cobblestone":1,"minecraft:golden_carrot":2,"minecraft:crafting_table":1,"minecraft:bucket":1,"tombstone:gift":1,"minecraft:acacia_planks":111},"minecraft:killed_by":{"minecraft:husk":1},"minecraft:mined":{"minecraft:acacia_leaves":1,"minecraft:fire":35,"minecraft:crafting_table":1,"minecraft:oak_log":4,"minecraft:grass":4,"minecraft:acacia_log":31,"minecraft:oak_wood":6,"minecraft:light_gray_bed":1,"minecraft:stripped_mangrove_wood":3},"minecraft:custom":{"minecraft:time_since_rest":2197,"minecraft:damage_absorbed":20,"minecraft:sprint_one_cm":107251,"minecraft:damage_taken":2095,"minecraft:walk_one_cm":107283,"minecraft:mob_kills":1,"minecraft:drop":10,"minecraft:damage_dealt":496,"minecraft:interact_with_crafting_table":1,"minecraft:fly_one_cm":173259,"minecraft:open_barrel":5,"minecraft:open_chest":7,"minecraft:crouch_one_cm":2936,"minecraft:play_time":22808,"minecraft:deaths":5,"minecraft:sneak_time":565,"minecraft:walk_under_water_one_cm":1240,"minecraft:jump":604,"minecraft:walk_on_water_one_cm":7899,"minecraft:time_since_death":2587,"minecraft:total_world_time":22808,"minecraft:fall_one_cm":17917}},"DataVersion":3465}