{"stats":{"minecraft:dropped":{"alexsmobs:animal_dictionary":1},"minecraft:crafted":{"minecraft:oak_planks":24,"minecraft:acacia_planks":20},"minecraft:picked_up":{"minecraft:stripped_mangrove_wood":3,"minecraft:oak_wood":6,"minecraft:acacia_log":5},"minecraft:used":{"minecraft:oak_planks":24,"minecraft:acacia_planks":20},"minecraft:killed_by":{"minecraft:husk":1},"minecraft:mined":{"minecraft:acacia_log":5,"minecraft:oak_wood":6,"minecraft:fire":10,"minecraft:stripped_mangrove_wood":3},"minecraft:custom":{"minecraft:open_barrel":2,"minecraft:open_chest":1,"minecraft:time_since_rest":1,"minecraft:play_time":4808,"minecraft:sprint_one_cm":12073,"minecraft:walk_one_cm":19047,"minecraft:damage_taken":540,"minecraft:deaths":2,"minecraft:sneak_time":182,"minecraft:mob_kills":1,"minecraft:drop":1,"minecraft:jump":92,"minecraft:damage_dealt":27,"minecraft:time_since_death":132,"minecraft:walk_on_water_one_cm":343,"minecraft:total_world_time":4808,"minecraft:fall_one_cm":2820,"minecraft:fly_one_cm":18131}},"DataVersion":3465}