{"stats":{"minecraft:dropped":{"minecraft:spruce_sign":1,"minecraft:wheat_seeds":4,"minecraft:oak_log":1,"minecraft:lantern":1,"minecraft:grass":10,"tombstone:grave_key":2,"tombstone:grave_dust":3,"epicfight:stone_greatsword":1,"minecraft:glistering_melon_slice":2,"simplehats:palmtree":1,"minecraft:acacia_planks":1,"minecraft:gold_ingot":3,"minecraft:bone":2,"minecraft:compass":1,"alexsmobs:animal_dictionary":1,"minecraft:rotten_flesh":1,"minecraft:mangrove_log":1,"minecraft:bundle":1,"minecraft:birch_door":1,"simplehats:chickenonhead":1,"minecraft:oak_leaves":6,"epicfight:skillbook":1},"minecraft:killed":{"minecraft:skeleton":6,"born_in_chaos_v1:fallen_chaos_knight":1,"minecraft:pig":1,"alexsmobs:skunk":1,"minecraft:creeper":1,"born_in_chaos_v1:decrepit_skeleton":1,"minecraft:sheep":2,"minecraft:zombie":1,"alexsmobs:maned_wolf":1,"born_in_chaos_v1:corpse_fly":2,"minecraft:cow":3},"minecraft:crafted":{"minecraft:oak_planks":40,"minecraft:iron_boots":1,"simplehats:hatscraps_common":1,"minecraft:iron_axe":1,"minecraft:cooked_beef":5,"minecraft:crafting_table":2,"minecraft:spruce_planks":8,"minecraft:iron_helmet":1,"minecraft:mangrove_planks":12,"minecraft:bucket":1,"minecraft:air":0,"minecraft:iron_chestplate":1,"minecraft:stick":32,"minecraft:iron_pickaxe":1,"minecraft:iron_ingot":8,"minecraft:iron_leggings":1,"minecraft:acacia_planks":168,"minecraft:torch":64,"minecraft:shears":2},"minecraft:broken":{"minecraft:shears":1},"minecraft:picked_up":{"minecraft:birch_door":2,"minecraft:crafting_table":1,"minecraft:coarse_dirt":8,"minecraft:ladder":1,"minecraft:smithing_table":1,"minecraft:stone_slab":1,"minecraft:stone_brick_stairs":1,"tombstone:grave_key":1,"minecraft:cracked_stone_bricks":1,"minecraft:spruce_planks":1,"minecraft:beef":5,"minecraft:spruce_trapdoor":8,"minecraft:mangrove_log":1,"minecraft:stick":2,"minecraft:raw_iron":13,"minecraft:stripped_mangrove_wood":3,"born_in_chaos_v1:shattered_skull":1,"simplehats:hatbag_common":1,"minecraft:torch":5,"minecraft:acacia_log":44,"epicfight:skillbook":1,"minecraft:porkchop":2,"tombstone:grave_dust":4,"born_in_chaos_v1:pieceofdarkmetal":2,"minecraft:andesite_wall":5,"minecraft:rotten_flesh":6,"minecraft:arrow":4,"minecraft:light_gray_bed":1,"alexsmobs:emu_egg":2,"simplehats:chickenonhead":1,"minecraft:mutton":2,"alexsmobs:kangaroo_meat":1,"minecraft:white_wool":2,"minecraft:cobblestone":66,"minecraft:andesite":43,"minecraft:acacia_leaves":228,"minecraft:leather":6,"minecraft:flint":1,"minecraft:oak_log":5,"minecraft:gunpowder":2,"minecraft:dirt":26,"minecraft:lantern":1,"simplehats:demonhorns":1,"simplehats:tick_on_head":1,"minecraft:red_carpet":4,"minecraft:bone":5,"minecraft:chipped_anvil":1,"minecraft:acacia_planks":2,"minecraft:stone_bricks":9,"minecraft:wheat_seeds":14,"simplehats:hatbag_uncommon":1,"minecraft:acacia_sapling":4,"epicfight:stone_greatsword":1,"minecraft:gravel":4,"minecraft:stripped_spruce_log":2,"minecraft:spruce_door":3,"minecraft:bundle":1,"minecraft:oak_wood":6,"simplehats:palmtree":1,"minecraft:purple_bed":1,"minecraft:grass":14,"minecraft:spruce_sign":1,"minecraft:oak_sapling":1,"minecraft:coal":1,"minecraft:oak_leaves":48},"minecraft:used":{"alexsmobs:emu_egg":2,"minecraft:acacia_log":1,"minecraft:spruce_planks":9,"minecraft:grass":4,"minecraft:cooked_chicken":1,"minecraft:torch":34,"minecraft:dirt":19,"minecraft:mutton":2,"minecraft:birch_door":1,"minecraft:andesite_wall":4,"minecraft:iron_axe":107,"minecraft:red_carpet":4,"minecraft:golden_carrot":3,"tombstone:gift":1,"minecraft:cooked_beef":5,"minecraft:acacia_planks":130,"minecraft:water_bucket":42,"minecraft:mangrove_planks":12,"minecraft:oak_planks":40,"minecraft:oak_leaves":42,"minecraft:golden_apple":1,"minecraft:crafting_table":3,"minecraft:acacia_leaves":228,"minecraft:shears":345,"minecraft:bread":11,"alexsmobs:kangaroo_meat":1,"minecraft:iron_pickaxe":146,"minecraft:stone_slab":1,"minecraft:gravel":1,"minecraft:cobblestone":3,"minecraft:porkchop":2,"minecraft:bucket":43,"minecraft:coarse_dirt":7},"minecraft:killed_by":{"minecraft:husk":1,"minecraft:skeleton":1,"minecraft:zombie":1},"minecraft:mined":{"minecraft:spruce_planks":1,"minecraft:spruce_trapdoor":4,"minecraft:acacia_log":44,"minecraft:grass_block":9,"minecraft:light_gray_bed":1,"minecraft:iron_ore":13,"minecraft:fire":36,"minecraft:andesite":44,"minecraft:stone":63,"minecraft:stripped_mangrove_wood":3,"minecraft:smithing_table":1,"minecraft:acacia_leaves":256,"minecraft:torch":1,"minecraft:crafting_table":1,"minecraft:oak_wood":6,"minecraft:tall_grass":11,"minecraft:cobblestone":3,"minecraft:wall_torch":1,"minecraft:spruce_stairs":1,"minecraft:purple_bed":1,"minecraft:stone_brick_stairs":1,"minecraft:grass":47,"minecraft:oak_log":4,"minecraft:coal_ore":2,"minecraft:gravel":5,"minecraft:dirt":4,"minecraft:acacia_planks":2,"minecraft:stone_bricks":6,"minecraft:chipped_anvil":1,"minecraft:fern":1,"minecraft:oak_leaves":90},"minecraft:custom":{"minecraft:mob_kills":21,"minecraft:interact_with_crafting_table":5,"minecraft:open_barrel":8,"minecraft:damage_dealt_resisted":120,"minecraft:eat_cake_slice":2,"minecraft:leave_game":4,"minecraft:time_since_death":3134,"minecraft:climb_one_cm":1782,"minecraft:sprint_one_cm":391258,"minecraft:walk_one_cm":544225,"minecraft:drop":45,"minecraft:damage_dealt_absorbed":96,"minecraft:play_time":62174,"minecraft:deaths":8,"minecraft:sneak_time":1421,"minecraft:walk_under_water_one_cm":6983,"minecraft:jump":2328,"minecraft:interact_with_blast_furnace":1,"minecraft:walk_on_water_one_cm":32200,"minecraft:total_world_time":62174,"minecraft:interact_with_furnace":9,"minecraft:interact_with_cartography_table":1,"minecraft:interact_with_loom":1,"minecraft:time_since_rest":2750,"minecraft:damage_taken":3131,"minecraft:damage_absorbed":20,"minecraft:damage_dealt":3536,"minecraft:swim_one_cm":12649,"minecraft:fly_one_cm":606027,"minecraft:player_kills":2,"minecraft:open_chest":41,"minecraft:crouch_one_cm":10571,"tombstone:undead_killed":9,"minecraft:interact_with_smoker":6,"minecraft:fall_one_cm":57419}},"DataVersion":3465}